stage,component,recipient,eur,status
1 platform,Cyprus labour (platform staff),CY,2.033888327672911,illustrative
1 platform,Cyprus taxes on production,CY,-0.004473871466814417,illustrative
1 platform,Cyprus: depreciation of platform capital,CY,0.19155233885544887,illustrative
1 platform,Cyprus corporate income tax on platform profit,CY,0.2793605396330962,illustrative
1 platform,Foreign capital income (ultimate owner),US,1.9555237774316734,illustrative
1 platform,Profit to non-foreign owners,CY,0.0,illustrative
2 suppliers,Foreign income from Cypriot suppliers (A01),AT,1.6528240791015417e-08,illustrative
2 suppliers,Foreign income from Cypriot suppliers (A01),AU,4.722354511718691e-09,illustrative
2 suppliers,Foreign income from Cypriot suppliers (A01),BE,3.541765883789017e-08,illustrative
2 suppliers,Foreign income from Cypriot suppliers (A01),BR,2.3611772558593453e-09,illustrative
2 suppliers,Foreign income from Cypriot suppliers (A01),CA,4.722354511718691e-09,illustrative
2 suppliers,Foreign income from Cypriot suppliers (A01),CH,2.833412707031214e-08,illustrative
2 suppliers,Foreign income from Cypriot suppliers (A01),CONFIDENTIAL_PARTNERS,2.9011784942743777e-06,illustrative
2 suppliers,Cyprus suppliers' value added (A01),CY,0.0010591986519032784,illustrative
2 suppliers,Foreign income from Cypriot suppliers (A01),CZ,9.444709023437381e-09,illustrative
2 suppliers,Foreign income from Cypriot suppliers (A01),DE,1.6528240791015417e-08,illustrative
2 suppliers,Foreign income from Cypriot suppliers (A01),DK,4.722354511718691e-09,illustrative
2 suppliers,Foreign income from Cypriot suppliers (A01),EL,1.1475321463476418e-06,illustrative
2 suppliers,Foreign income from Cypriot suppliers (A01),ES,3.0695304326171486e-08,illustrative
2 suppliers,Foreign income from Cypriot suppliers (A01),FI,9.444709023437381e-09,illustrative
2 suppliers,Foreign income from Cypriot suppliers (A01),FR,1.8889418046874762e-08,illustrative
2 suppliers,Foreign income from Cypriot suppliers (A01),HU,2.3611772558593453e-09,illustrative
2 suppliers,Foreign income from Cypriot suppliers (A01),IE,7.083531767578035e-09,illustrative
2 suppliers,Foreign income from Cypriot suppliers (A01),IT,3.0695304326171486e-08,illustrative
2 suppliers,Foreign income from Cypriot suppliers (A01),JP,2.3611772558593453e-09,illustrative
2 suppliers,Foreign income from Cypriot suppliers (A01),LV,2.3611772558593453e-09,illustrative
2 suppliers,Foreign income from Cypriot suppliers (A01),NL,9.444709023437381e-09,illustrative
2 suppliers,Foreign income from Cypriot suppliers (A01),PT,4.722354511718691e-09,illustrative
2 suppliers,Foreign income from Cypriot suppliers (A01),RU,1.2278121730468594e-07,illustrative
2 suppliers,Foreign income from Cypriot suppliers (A01),SE,4.722354511718691e-09,illustrative
2 suppliers,Foreign income from Cypriot suppliers (A01),SK,7.083531767578035e-09,illustrative
2 suppliers,Foreign income from Cypriot suppliers (A01),UK,9.680826749023313e-08,illustrative
2 suppliers,Foreign income from Cypriot suppliers (A01),US,3.0695304326171486e-08,illustrative
2 suppliers,Foreign income from Cypriot suppliers (A01),WORLD_UNALLOCATED,7.348729484759829e-06,illustrative
2 suppliers,Foreign income from Cypriot suppliers (A01),ZA,2.3611772558593453e-09,illustrative
2 suppliers,Foreign income from Cypriot suppliers (A02),AT,1.5124845303194435e-10,illustrative
2 suppliers,Foreign income from Cypriot suppliers (A02),AU,4.321384372341267e-11,illustrative
2 suppliers,Foreign income from Cypriot suppliers (A02),BE,3.24103827925595e-10,illustrative
2 suppliers,Foreign income from Cypriot suppliers (A02),BR,2.1606921861706336e-11,illustrative
2 suppliers,Foreign income from Cypriot suppliers (A02),CA,4.321384372341267e-11,illustrative
2 suppliers,Foreign income from Cypriot suppliers (A02),CH,2.59283062340476e-10,illustrative
2 suppliers,Foreign income from Cypriot suppliers (A02),CONFIDENTIAL_PARTNERS,2.654842489147858e-08,illustrative
2 suppliers,Cyprus suppliers' value added (A02),CY,9.689945989168913e-06,illustrative
2 suppliers,Foreign income from Cypriot suppliers (A02),CZ,8.642768744682535e-11,illustrative
2 suppliers,Foreign income from Cypriot suppliers (A02),DE,1.5124845303194435e-10,illustrative
2 suppliers,Foreign income from Cypriot suppliers (A02),DK,4.321384372341267e-11,illustrative
2 suppliers,Foreign income from Cypriot suppliers (A02),EL,1.0500964024789279e-08,illustrative
2 suppliers,Foreign income from Cypriot suppliers (A02),ES,2.808899842021823e-10,illustrative
2 suppliers,Foreign income from Cypriot suppliers (A02),FI,8.642768744682535e-11,illustrative
2 suppliers,Foreign income from Cypriot suppliers (A02),FR,1.728553748936507e-10,illustrative
2 suppliers,Foreign income from Cypriot suppliers (A02),HU,2.1606921861706336e-11,illustrative
2 suppliers,Foreign income from Cypriot suppliers (A02),IE,6.4820765585119e-11,illustrative
2 suppliers,Foreign income from Cypriot suppliers (A02),IT,2.808899842021823e-10,illustrative
2 suppliers,Foreign income from Cypriot suppliers (A02),JP,2.1606921861706336e-11,illustrative
2 suppliers,Foreign income from Cypriot suppliers (A02),LV,2.1606921861706336e-11,illustrative
2 suppliers,Foreign income from Cypriot suppliers (A02),NL,8.642768744682535e-11,illustrative
2 suppliers,Foreign income from Cypriot suppliers (A02),PT,4.321384372341267e-11,illustrative
2 suppliers,Foreign income from Cypriot suppliers (A02),RU,1.1235599368087293e-09,illustrative
2 suppliers,Foreign income from Cypriot suppliers (A02),SE,4.321384372341267e-11,illustrative
2 suppliers,Foreign income from Cypriot suppliers (A02),SK,6.4820765585119e-11,illustrative
2 suppliers,Foreign income from Cypriot suppliers (A02),UK,8.858837963299596e-10,illustrative
2 suppliers,Foreign income from Cypriot suppliers (A02),US,2.808899842021823e-10,illustrative
2 suppliers,Foreign income from Cypriot suppliers (A02),WORLD_UNALLOCATED,6.486551057823113e-08,illustrative
2 suppliers,Foreign income from Cypriot suppliers (A02),ZA,2.1606921861706336e-11,illustrative
2 suppliers,Foreign income from Cypriot suppliers (A03),AT,2.4626718079885665e-09,illustrative
2 suppliers,Foreign income from Cypriot suppliers (A03),AU,7.036205165681619e-10,illustrative
2 suppliers,Foreign income from Cypriot suppliers (A03),BE,5.277153874261213e-09,illustrative
2 suppliers,Foreign income from Cypriot suppliers (A03),BR,3.5181025828408094e-10,illustrative
2 suppliers,Foreign income from Cypriot suppliers (A03),CA,7.036205165681619e-10,illustrative
2 suppliers,Foreign income from Cypriot suppliers (A03),CH,4.221723099408971e-09,illustrative
2 suppliers,Foreign income from Cypriot suppliers (A03),CONFIDENTIAL_PARTNERS,4.3226926435365025e-07,illustrative
2 suppliers,Cyprus suppliers' value added (A03),CY,0.00032836323645431904,illustrative
2 suppliers,Foreign income from Cypriot suppliers (A03),CZ,1.4072410331363238e-09,illustrative
2 suppliers,Foreign income from Cypriot suppliers (A03),DE,2.4626718079885665e-09,illustrative
2 suppliers,Foreign income from Cypriot suppliers (A03),DK,7.036205165681619e-10,illustrative
2 suppliers,Foreign income from Cypriot suppliers (A03),EL,1.7097978552606334e-07,illustrative
2 suppliers,Foreign income from Cypriot suppliers (A03),ES,4.573533357693051e-09,illustrative
2 suppliers,Foreign income from Cypriot suppliers (A03),FI,1.4072410331363238e-09,illustrative
2 suppliers,Foreign income from Cypriot suppliers (A03),FR,2.8144820662726475e-09,illustrative
2 suppliers,Foreign income from Cypriot suppliers (A03),HU,3.5181025828408094e-10,illustrative
2 suppliers,Foreign income from Cypriot suppliers (A03),IE,1.0554307748522428e-09,illustrative
2 suppliers,Foreign income from Cypriot suppliers (A03),IT,4.573533357693051e-09,illustrative
2 suppliers,Foreign income from Cypriot suppliers (A03),JP,3.5181025828408094e-10,illustrative
2 suppliers,Foreign income from Cypriot suppliers (A03),LV,3.5181025828408094e-10,illustrative
2 suppliers,Foreign income from Cypriot suppliers (A03),NL,1.4072410331363238e-09,illustrative
2 suppliers,Foreign income from Cypriot suppliers (A03),PT,7.036205165681619e-10,illustrative
2 suppliers,Foreign income from Cypriot suppliers (A03),RU,1.8294133430772205e-08,illustrative
2 suppliers,Foreign income from Cypriot suppliers (A03),SE,7.036205165681619e-10,illustrative
2 suppliers,Foreign income from Cypriot suppliers (A03),SK,1.0554307748522428e-09,illustrative
2 suppliers,Foreign income from Cypriot suppliers (A03),UK,1.4424220589647318e-08,illustrative
2 suppliers,Foreign income from Cypriot suppliers (A03),US,4.573533357693051e-09,illustrative
2 suppliers,Foreign income from Cypriot suppliers (A03),WORLD_UNALLOCATED,2.78596935610595e-06,illustrative
2 suppliers,Foreign income from Cypriot suppliers (A03),ZA,3.5181025828408094e-10,illustrative
2 suppliers,Foreign income from Cypriot suppliers (B),AT,4.691229297101311e-09,illustrative
2 suppliers,Foreign income from Cypriot suppliers (B),AU,1.340351227743232e-09,illustrative
2 suppliers,Foreign income from Cypriot suppliers (B),BE,1.0052634208074237e-08,illustrative
2 suppliers,Foreign income from Cypriot suppliers (B),BR,6.70175613871616e-10,illustrative
2 suppliers,Foreign income from Cypriot suppliers (B),CA,1.340351227743232e-09,illustrative
2 suppliers,Foreign income from Cypriot suppliers (B),CH,8.042107366459391e-09,illustrative
2 suppliers,Foreign income from Cypriot suppliers (B),CONFIDENTIAL_PARTNERS,8.234447767640546e-07,illustrative
2 suppliers,Cyprus suppliers' value added (B),CY,0.00022041806367082662,illustrative
2 suppliers,Foreign income from Cypriot suppliers (B),CZ,2.680702455486464e-09,illustrative
2 suppliers,Foreign income from Cypriot suppliers (B),DE,4.691229297101311e-09,illustrative
2 suppliers,Foreign income from Cypriot suppliers (B),DK,1.340351227743232e-09,illustrative
2 suppliers,Foreign income from Cypriot suppliers (B),EL,3.2570534834160535e-07,illustrative
2 suppliers,Foreign income from Cypriot suppliers (B),ES,8.712282980331006e-09,illustrative
2 suppliers,Foreign income from Cypriot suppliers (B),FI,2.680702455486464e-09,illustrative
2 suppliers,Foreign income from Cypriot suppliers (B),FR,5.361404910972928e-09,illustrative
2 suppliers,Foreign income from Cypriot suppliers (B),HU,6.70175613871616e-10,illustrative
2 suppliers,Foreign income from Cypriot suppliers (B),IE,2.0105268416148477e-09,illustrative
2 suppliers,Foreign income from Cypriot suppliers (B),IT,8.712282980331006e-09,illustrative
2 suppliers,Foreign income from Cypriot suppliers (B),JP,6.70175613871616e-10,illustrative
2 suppliers,Foreign income from Cypriot suppliers (B),LV,6.70175613871616e-10,illustrative
2 suppliers,Foreign income from Cypriot suppliers (B),NL,2.680702455486464e-09,illustrative
2 suppliers,Foreign income from Cypriot suppliers (B),PT,1.340351227743232e-09,illustrative
2 suppliers,Foreign income from Cypriot suppliers (B),RU,3.4849131921324025e-08,illustrative
2 suppliers,Foreign income from Cypriot suppliers (B),SE,1.340351227743232e-09,illustrative
2 suppliers,Foreign income from Cypriot suppliers (B),SK,2.0105268416148477e-09,illustrative
2 suppliers,Foreign income from Cypriot suppliers (B),UK,2.747720016873625e-08,illustrative
2 suppliers,Foreign income from Cypriot suppliers (B),US,8.712282980331006e-09,illustrative
2 suppliers,Foreign income from Cypriot suppliers (B),ZA,6.70175613871616e-10,illustrative
2 suppliers,Foreign income from Cypriot suppliers (C10-12),AT,7.264379344525641e-08,illustrative
2 suppliers,Foreign income from Cypriot suppliers (C10-12),AU,2.075536955578755e-08,illustrative
2 suppliers,Foreign income from Cypriot suppliers (C10-12),BE,1.5566527166840658e-07,illustrative
2 suppliers,Foreign income from Cypriot suppliers (C10-12),BR,1.0377684777893774e-08,illustrative
2 suppliers,Foreign income from Cypriot suppliers (C10-12),CA,2.075536955578755e-08,illustrative
2 suppliers,Foreign income from Cypriot suppliers (C10-12),CH,1.2453221733472528e-07,illustrative
2 suppliers,Foreign income from Cypriot suppliers (C10-12),CONFIDENTIAL_PARTNERS,2.599334833905845e-05,illustrative
2 suppliers,Cyprus suppliers' value added (C10-12),CY,0.0019245106275212246,illustrative
2 suppliers,Foreign income from Cypriot suppliers (C10-12),CZ,4.15107391115751e-08,illustrative
2 suppliers,Foreign income from Cypriot suppliers (C10-12),DE,8.613911591807524e-07,illustrative
2 suppliers,Foreign income from Cypriot suppliers (C10-12),DK,2.075536955578755e-08,illustrative
2 suppliers,Foreign income from Cypriot suppliers (C10-12),EL,5.043554802056374e-06,illustrative
2 suppliers,Foreign income from Cypriot suppliers (C10-12),ES,1.3490990211261904e-07,illustrative
2 suppliers,Foreign income from Cypriot suppliers (C10-12),FI,4.15107391115751e-08,illustrative
2 suppliers,Foreign income from Cypriot suppliers (C10-12),FR,8.30214782231502e-08,illustrative
2 suppliers,Foreign income from Cypriot suppliers (C10-12),HU,1.0377684777893774e-08,illustrative
2 suppliers,Foreign income from Cypriot suppliers (C10-12),IE,3.113305433368132e-08,illustrative
2 suppliers,Foreign income from Cypriot suppliers (C10-12),IT,1.3490990211261904e-07,illustrative
2 suppliers,Foreign income from Cypriot suppliers (C10-12),JP,1.0377684777893774e-08,illustrative
2 suppliers,Foreign income from Cypriot suppliers (C10-12),LV,1.0377684777893774e-08,illustrative
2 suppliers,Foreign income from Cypriot suppliers (C10-12),NL,4.15107391115751e-08,illustrative
2 suppliers,Foreign income from Cypriot suppliers (C10-12),OFFSHO,5.6030977806081355e-06,illustrative
2 suppliers,Foreign income from Cypriot suppliers (C10-12),PT,2.075536955578755e-08,illustrative
2 suppliers,Foreign income from Cypriot suppliers (C10-12),RU,5.396396084504761e-07,illustrative
2 suppliers,Foreign income from Cypriot suppliers (C10-12),SE,2.075536955578755e-08,illustrative
2 suppliers,Foreign income from Cypriot suppliers (C10-12),SK,3.113305433368132e-08,illustrative
2 suppliers,Foreign income from Cypriot suppliers (C10-12),UK,4.2548507589364465e-07,illustrative
2 suppliers,Foreign income from Cypriot suppliers (C10-12),US,1.3490990211261904e-07,illustrative
2 suppliers,Foreign income from Cypriot suppliers (C10-12),WORLD_UNALLOCATED,5.06492111463486e-06,illustrative
2 suppliers,Foreign income from Cypriot suppliers (C10-12),ZA,1.0377684777893774e-08,illustrative
2 suppliers,Foreign income from Cypriot suppliers (C13-15),AT,1.514415953881223e-08,illustrative
2 suppliers,Foreign income from Cypriot suppliers (C13-15),AU,4.326902725374924e-09,illustrative
2 suppliers,Foreign income from Cypriot suppliers (C13-15),BE,3.245177044031192e-08,illustrative
2 suppliers,Foreign income from Cypriot suppliers (C13-15),BR,2.163451362687462e-09,illustrative
2 suppliers,Foreign income from Cypriot suppliers (C13-15),CA,4.326902725374924e-09,illustrative
2 suppliers,Foreign income from Cypriot suppliers (C13-15),CH,2.596141635224954e-08,illustrative
2 suppliers,Foreign income from Cypriot suppliers (C13-15),CONFIDENTIAL_PARTNERS,2.6582326893340843e-06,illustrative
2 suppliers,Cyprus suppliers' value added (C13-15),CY,0.0004408362567624822,illustrative
2 suppliers,Foreign income from Cypriot suppliers (C13-15),CZ,8.653805450749848e-09,illustrative
2 suppliers,Foreign income from Cypriot suppliers (C13-15),DE,1.514415953881223e-08,illustrative
2 suppliers,Foreign income from Cypriot suppliers (C13-15),DK,4.326902725374924e-09,illustrative
2 suppliers,Foreign income from Cypriot suppliers (C13-15),EL,1.0514373622661064e-06,illustrative
2 suppliers,Foreign income from Cypriot suppliers (C13-15),ES,2.8124867714936997e-08,illustrative
2 suppliers,Foreign income from Cypriot suppliers (C13-15),FI,8.653805450749848e-09,illustrative
2 suppliers,Foreign income from Cypriot suppliers (C13-15),FR,1.7307610901499697e-08,illustrative
2 suppliers,Foreign income from Cypriot suppliers (C13-15),HU,2.163451362687462e-09,illustrative
2 suppliers,Foreign income from Cypriot suppliers (C13-15),IE,6.490354088062385e-09,illustrative
2 suppliers,Foreign income from Cypriot suppliers (C13-15),IT,2.8124867714936997e-08,illustrative
2 suppliers,Foreign income from Cypriot suppliers (C13-15),JP,2.163451362687462e-09,illustrative
2 suppliers,Foreign income from Cypriot suppliers (C13-15),LV,2.163451362687462e-09,illustrative
2 suppliers,Foreign income from Cypriot suppliers (C13-15),NL,8.653805450749848e-09,illustrative
2 suppliers,Foreign income from Cypriot suppliers (C13-15),PT,4.326902725374924e-09,illustrative
2 suppliers,Foreign income from Cypriot suppliers (C13-15),RU,1.1249947085974799e-07,illustrative
2 suppliers,Foreign income from Cypriot suppliers (C13-15),SE,4.326902725374924e-09,illustrative
2 suppliers,Foreign income from Cypriot suppliers (C13-15),SK,6.490354088062385e-09,illustrative
2 suppliers,Foreign income from Cypriot suppliers (C13-15),UK,8.870150587018593e-08,illustrative
2 suppliers,Foreign income from Cypriot suppliers (C13-15),US,2.8124867714936997e-08,illustrative
2 suppliers,Foreign income from Cypriot suppliers (C13-15),WORLD_UNALLOCATED,6.456573127165561e-07,illustrative
2 suppliers,Foreign income from Cypriot suppliers (C13-15),ZA,2.163451362687462e-09,illustrative
2 suppliers,Foreign income from Cypriot suppliers (C16),AT,2.0977280608607287e-08,illustrative
2 suppliers,Foreign income from Cypriot suppliers (C16),AU,5.993508745316368e-09,illustrative
2 suppliers,Foreign income from Cypriot suppliers (C16),BE,4.495131558987275e-08,illustrative
2 suppliers,Foreign income from Cypriot suppliers (C16),BR,2.996754372658184e-09,illustrative
2 suppliers,Foreign income from Cypriot suppliers (C16),CA,5.993508745316368e-09,illustrative
2 suppliers,Foreign income from Cypriot suppliers (C16),CH,3.5961052471898205e-08,illustrative
2 suppliers,Foreign income from Cypriot suppliers (C16),CONFIDENTIAL_PARTNERS,3.682112097685111e-06,illustrative
2 suppliers,Cyprus suppliers' value added (C16),CY,0.0008215729786632265,illustrative
2 suppliers,Foreign income from Cypriot suppliers (C16),CZ,1.1987017490632736e-08,illustrative
2 suppliers,Foreign income from Cypriot suppliers (C16),DE,2.0977280608607287e-08,illustrative
2 suppliers,Foreign income from Cypriot suppliers (C16),DK,5.993508745316368e-09,illustrative
2 suppliers,Foreign income from Cypriot suppliers (C16),EL,1.4564226251118773e-06,illustrative
2 suppliers,Foreign income from Cypriot suppliers (C16),ES,3.895780684455639e-08,illustrative
2 suppliers,Foreign income from Cypriot suppliers (C16),FI,1.1987017490632736e-08,illustrative
2 suppliers,Foreign income from Cypriot suppliers (C16),FR,2.3974034981265472e-08,illustrative
2 suppliers,Foreign income from Cypriot suppliers (C16),HU,2.996754372658184e-09,illustrative
2 suppliers,Foreign income from Cypriot suppliers (C16),IE,8.990263117974551e-09,illustrative
2 suppliers,Foreign income from Cypriot suppliers (C16),IT,3.895780684455639e-08,illustrative
2 suppliers,Foreign income from Cypriot suppliers (C16),JP,2.996754372658184e-09,illustrative
2 suppliers,Foreign income from Cypriot suppliers (C16),LV,2.996754372658184e-09,illustrative
2 suppliers,Foreign income from Cypriot suppliers (C16),NL,1.1987017490632736e-08,illustrative
2 suppliers,Foreign income from Cypriot suppliers (C16),PT,5.993508745316368e-09,illustrative
2 suppliers,Foreign income from Cypriot suppliers (C16),RU,1.5583122737822556e-07,illustrative
2 suppliers,Foreign income from Cypriot suppliers (C16),SE,5.993508745316368e-09,illustrative
2 suppliers,Foreign income from Cypriot suppliers (C16),SK,8.990263117974551e-09,illustrative
2 suppliers,Foreign income from Cypriot suppliers (C16),UK,1.2286692927898554e-07,illustrative
2 suppliers,Foreign income from Cypriot suppliers (C16),US,3.895780684455639e-08,illustrative
2 suppliers,Foreign income from Cypriot suppliers (C16),WORLD_UNALLOCATED,3.0468676665359447e-06,illustrative
2 suppliers,Foreign income from Cypriot suppliers (C16),ZA,2.996754372658184e-09,illustrative
2 suppliers,Foreign income from Cypriot suppliers (C17),AT,5.6866908193109105e-08,illustrative
2 suppliers,Foreign income from Cypriot suppliers (C17),AU,1.624768805517403e-08,illustrative
2 suppliers,Foreign income from Cypriot suppliers (C17),BE,1.2185766041380523e-07,illustrative
2 suppliers,Foreign income from Cypriot suppliers (C17),BR,8.123844027587015e-09,illustrative
2 suppliers,Foreign income from Cypriot suppliers (C17),CA,1.624768805517403e-08,illustrative
2 suppliers,Foreign income from Cypriot suppliers (C17),CH,9.748612833104417e-08,illustrative
2 suppliers,Foreign income from Cypriot suppliers (C17),CONFIDENTIAL_PARTNERS,9.981767156696167e-06,illustrative
2 suppliers,Cyprus suppliers' value added (C17),CY,0.0012407183078419124,illustrative
2 suppliers,Foreign income from Cypriot suppliers (C17),CZ,3.249537611034806e-08,illustrative
2 suppliers,Foreign income from Cypriot suppliers (C17),DE,5.6866908193109105e-08,illustrative
2 suppliers,Foreign income from Cypriot suppliers (C17),DK,1.624768805517403e-08,illustrative
2 suppliers,Foreign income from Cypriot suppliers (C17),EL,3.94818819740729e-06,illustrative
2 suppliers,Foreign income from Cypriot suppliers (C17),ES,1.0560997235863116e-07,illustrative
2 suppliers,Foreign income from Cypriot suppliers (C17),FI,3.249537611034806e-08,illustrative
2 suppliers,Foreign income from Cypriot suppliers (C17),FR,6.499075222069612e-08,illustrative
2 suppliers,Foreign income from Cypriot suppliers (C17),HU,8.123844027587015e-09,illustrative
2 suppliers,Foreign income from Cypriot suppliers (C17),IE,2.4371532082761043e-08,illustrative
2 suppliers,Foreign income from Cypriot suppliers (C17),IT,1.0560997235863116e-07,illustrative
2 suppliers,Foreign income from Cypriot suppliers (C17),JP,8.123844027587015e-09,illustrative
2 suppliers,Foreign income from Cypriot suppliers (C17),LV,8.123844027587015e-09,illustrative
2 suppliers,Foreign income from Cypriot suppliers (C17),NL,3.249537611034806e-08,illustrative
2 suppliers,Foreign income from Cypriot suppliers (C17),PT,1.624768805517403e-08,illustrative
2 suppliers,Foreign income from Cypriot suppliers (C17),RU,4.2243988943452466e-07,illustrative
2 suppliers,Foreign income from Cypriot suppliers (C17),SE,1.624768805517403e-08,illustrative
2 suppliers,Foreign income from Cypriot suppliers (C17),SK,2.4371532082761043e-08,illustrative
2 suppliers,Foreign income from Cypriot suppliers (C17),UK,3.3307760513106756e-07,illustrative
2 suppliers,Foreign income from Cypriot suppliers (C17),US,1.0560997235863116e-07,illustrative
2 suppliers,Foreign income from Cypriot suppliers (C17),ZA,8.123844027587015e-09,illustrative
2 suppliers,Foreign income from Cypriot suppliers (C18),AT,9.61744592243834e-08,illustrative
2 suppliers,Foreign income from Cypriot suppliers (C18),AU,2.74784169212524e-08,illustrative
2 suppliers,Foreign income from Cypriot suppliers (C18),BE,2.06088126909393e-07,illustrative
2 suppliers,Foreign income from Cypriot suppliers (C18),BR,1.37392084606262e-08,illustrative
2 suppliers,Foreign income from Cypriot suppliers (C18),CA,2.74784169212524e-08,illustrative
2 suppliers,Foreign income from Cypriot suppliers (C18),CH,1.648705015275144e-07,illustrative
2 suppliers,Foreign income from Cypriot suppliers (C18),CONFIDENTIAL_PARTNERS,1.6881365435571414e-05,illustrative
2 suppliers,Cyprus suppliers' value added (C18),CY,0.003861632018910084,illustrative
2 suppliers,Foreign income from Cypriot suppliers (C18),CZ,5.49568338425048e-08,illustrative
2 suppliers,Foreign income from Cypriot suppliers (C18),DE,9.61744592243834e-08,illustrative
2 suppliers,Foreign income from Cypriot suppliers (C18),DK,2.74784169212524e-08,illustrative
2 suppliers,Foreign income from Cypriot suppliers (C18),EL,6.677255311864333e-06,illustrative
2 suppliers,Foreign income from Cypriot suppliers (C18),ES,1.7860970998814058e-07,illustrative
2 suppliers,Foreign income from Cypriot suppliers (C18),FI,5.49568338425048e-08,illustrative
2 suppliers,Foreign income from Cypriot suppliers (C18),FR,1.099136676850096e-07,illustrative
2 suppliers,Foreign income from Cypriot suppliers (C18),HU,1.37392084606262e-08,illustrative
2 suppliers,Foreign income from Cypriot suppliers (C18),IE,4.12176253818786e-08,illustrative
2 suppliers,Foreign income from Cypriot suppliers (C18),IT,1.7860970998814058e-07,illustrative
2 suppliers,Foreign income from Cypriot suppliers (C18),JP,1.37392084606262e-08,illustrative
2 suppliers,Foreign income from Cypriot suppliers (C18),LV,1.37392084606262e-08,illustrative
2 suppliers,Foreign income from Cypriot suppliers (C18),NL,5.49568338425048e-08,illustrative
2 suppliers,Foreign income from Cypriot suppliers (C18),PT,2.74784169212524e-08,illustrative
2 suppliers,Foreign income from Cypriot suppliers (C18),RU,7.144388399525623e-07,illustrative
2 suppliers,Foreign income from Cypriot suppliers (C18),SE,2.74784169212524e-08,illustrative
2 suppliers,Foreign income from Cypriot suppliers (C18),SK,4.12176253818786e-08,illustrative
2 suppliers,Foreign income from Cypriot suppliers (C18),UK,5.633075468856741e-07,illustrative
2 suppliers,Foreign income from Cypriot suppliers (C18),US,1.7860970998814058e-07,illustrative
2 suppliers,Foreign income from Cypriot suppliers (C18),WORLD_UNALLOCATED,1.559130073986649e-05,illustrative
2 suppliers,Foreign income from Cypriot suppliers (C18),ZA,1.37392084606262e-08,illustrative
2 suppliers,Foreign income from Cypriot suppliers (C19),AT,3.07827921350267e-10,illustrative
2 suppliers,Foreign income from Cypriot suppliers (C19),AU,8.795083467150487e-11,illustrative
2 suppliers,Foreign income from Cypriot suppliers (C19),BE,6.596312600362863e-10,illustrative
2 suppliers,Foreign income from Cypriot suppliers (C19),BR,4.3975417335752433e-11,illustrative
2 suppliers,Foreign income from Cypriot suppliers (C19),CA,8.795083467150487e-11,illustrative
2 suppliers,Foreign income from Cypriot suppliers (C19),CH,5.27705008029029e-10,illustrative
2 suppliers,Foreign income from Cypriot suppliers (C19),CONFIDENTIAL_PARTNERS,5.403259528043901e-08,illustrative
2 suppliers,Cyprus suppliers' value added (C19),CY,5.8103991024709855e-05,illustrative
2 suppliers,Foreign income from Cypriot suppliers (C19),CZ,1.7590166934300973e-10,illustrative
2 suppliers,Foreign income from Cypriot suppliers (C19),DE,3.07827921350267e-10,illustrative
2 suppliers,Foreign income from Cypriot suppliers (C19),DK,8.795083467150487e-11,illustrative
2 suppliers,Foreign income from Cypriot suppliers (C19),EL,2.1372052825175677e-08,illustrative
2 suppliers,Foreign income from Cypriot suppliers (C19),ES,5.716804253647814e-10,illustrative
2 suppliers,Foreign income from Cypriot suppliers (C19),FI,1.7590166934300973e-10,illustrative
2 suppliers,Foreign income from Cypriot suppliers (C19),FR,3.5180333868601947e-10,illustrative
2 suppliers,Foreign income from Cypriot suppliers (C19),HU,4.3975417335752433e-11,illustrative
2 suppliers,Foreign income from Cypriot suppliers (C19),IE,1.3192625200725725e-10,illustrative
2 suppliers,Foreign income from Cypriot suppliers (C19),IT,5.716804253647814e-10,illustrative
2 suppliers,Foreign income from Cypriot suppliers (C19),JP,4.3975417335752433e-11,illustrative
2 suppliers,Foreign income from Cypriot suppliers (C19),LV,4.3975417335752433e-11,illustrative
2 suppliers,Foreign income from Cypriot suppliers (C19),NL,1.7590166934300973e-10,illustrative
2 suppliers,Foreign income from Cypriot suppliers (C19),PT,8.795083467150487e-11,illustrative
2 suppliers,Foreign income from Cypriot suppliers (C19),RU,2.2867217014591258e-09,illustrative
2 suppliers,Foreign income from Cypriot suppliers (C19),SE,8.795083467150487e-11,illustrative
2 suppliers,Foreign income from Cypriot suppliers (C19),SK,1.3192625200725725e-10,illustrative
2 suppliers,Foreign income from Cypriot suppliers (C19),UK,1.8029921107658494e-09,illustrative
2 suppliers,Foreign income from Cypriot suppliers (C19),US,5.716804253647814e-10,illustrative
2 suppliers,Foreign income from Cypriot suppliers (C19),WORLD_UNALLOCATED,5.36462130055253e-07,illustrative
2 suppliers,Foreign income from Cypriot suppliers (C19),ZA,4.3975417335752433e-11,illustrative
2 suppliers,Foreign income from Cypriot suppliers (C20),AT,2.4129518227776414e-08,illustrative
2 suppliers,Foreign income from Cypriot suppliers (C20),AU,6.894148065078976e-09,illustrative
2 suppliers,Foreign income from Cypriot suppliers (C20),BE,5.170611048809231e-08,illustrative
2 suppliers,Foreign income from Cypriot suppliers (C20),BR,3.447074032539488e-09,illustrative
2 suppliers,Foreign income from Cypriot suppliers (C20),CA,6.894148065078976e-09,illustrative
2 suppliers,Foreign income from Cypriot suppliers (C20),CH,4.136488839047385e-08,illustrative
2 suppliers,Foreign income from Cypriot suppliers (C20),CONFIDENTIAL_PARTNERS,3.446561436789735e-05,illustrative
2 suppliers,Cyprus suppliers' value added (C20),CY,0.001038675560760674,illustrative
2 suppliers,Foreign income from Cypriot suppliers (C20),CZ,1.3788296130157952e-08,illustrative
2 suppliers,Foreign income from Cypriot suppliers (C20),DE,1.8247237952082844e-06,illustrative
2 suppliers,Foreign income from Cypriot suppliers (C20),DK,6.894148065078976e-09,illustrative
2 suppliers,Foreign income from Cypriot suppliers (C20),EL,1.675277979814191e-06,illustrative
2 suppliers,Foreign income from Cypriot suppliers (C20),ES,4.4811962423013335e-08,illustrative
2 suppliers,Foreign income from Cypriot suppliers (C20),FI,1.3788296130157952e-08,illustrative
2 suppliers,Foreign income from Cypriot suppliers (C20),FR,2.7576592260315904e-08,illustrative
2 suppliers,Foreign income from Cypriot suppliers (C20),HU,3.447074032539488e-09,illustrative
2 suppliers,Foreign income from Cypriot suppliers (C20),IE,1.0341222097618462e-08,illustrative
2 suppliers,Foreign income from Cypriot suppliers (C20),IT,4.4811962423013335e-08,illustrative
2 suppliers,Foreign income from Cypriot suppliers (C20),JP,3.447074032539488e-09,illustrative
2 suppliers,Foreign income from Cypriot suppliers (C20),LV,3.447074032539488e-09,illustrative
2 suppliers,Foreign income from Cypriot suppliers (C20),NL,1.3788296130157952e-08,illustrative
2 suppliers,Foreign income from Cypriot suppliers (C20),OFFSHO,1.2791048484475673e-05,illustrative
2 suppliers,Foreign income from Cypriot suppliers (C20),PT,6.894148065078976e-09,illustrative
2 suppliers,Foreign income from Cypriot suppliers (C20),RU,1.7924784969205334e-07,illustrative
2 suppliers,Foreign income from Cypriot suppliers (C20),SE,6.894148065078976e-09,illustrative
2 suppliers,Foreign income from Cypriot suppliers (C20),SK,1.0341222097618462e-08,illustrative
2 suppliers,Foreign income from Cypriot suppliers (C20),UK,1.41330035334119e-07,illustrative
2 suppliers,Foreign income from Cypriot suppliers (C20),US,4.4811962423013335e-08,illustrative
2 suppliers,Foreign income from Cypriot suppliers (C20),WORLD_UNALLOCATED,1.1562470276988015e-05,illustrative
2 suppliers,Foreign income from Cypriot suppliers (C20),ZA,3.447074032539488e-09,illustrative
2 suppliers,Foreign income from Cypriot suppliers (C21),AT,6.48186979694952e-10,illustrative
2 suppliers,Foreign income from Cypriot suppliers (C21),AU,1.8519627991284343e-10,illustrative
2 suppliers,Foreign income from Cypriot suppliers (C21),BE,1.3889720993463258e-09,illustrative
2 suppliers,Foreign income from Cypriot suppliers (C21),BR,9.259813995642172e-11,illustrative
2 suppliers,Foreign income from Cypriot suppliers (C21),CA,1.8519627991284343e-10,illustrative
2 suppliers,Foreign income from Cypriot suppliers (C21),CH,1.1111776794770604e-09,illustrative
2 suppliers,Foreign income from Cypriot suppliers (C21),CONFIDENTIAL_PARTNERS,1.2061673968973796e-06,illustrative
2 suppliers,Cyprus suppliers' value added (C21),CY,3.0327958146802163e-05,illustrative
2 suppliers,Foreign income from Cypriot suppliers (C21),CZ,3.7039255982568686e-10,illustrative
2 suppliers,Foreign income from Cypriot suppliers (C21),DE,6.571408972761746e-08,illustrative
2 suppliers,Foreign income from Cypriot suppliers (C21),DK,1.8519627991284343e-10,illustrative
2 suppliers,Foreign income from Cypriot suppliers (C21),EL,4.500269601882096e-08,illustrative
2 suppliers,Foreign income from Cypriot suppliers (C21),ES,1.2037758194334821e-09,illustrative
2 suppliers,Foreign income from Cypriot suppliers (C21),FI,3.7039255982568686e-10,illustrative
2 suppliers,Foreign income from Cypriot suppliers (C21),FR,7.407851196513737e-10,illustrative
2 suppliers,Foreign income from Cypriot suppliers (C21),HU,9.259813995642172e-11,illustrative
2 suppliers,Foreign income from Cypriot suppliers (C21),IE,2.777944198692651e-10,illustrative
2 suppliers,Foreign income from Cypriot suppliers (C21),IT,1.2037758194334821e-09,illustrative
2 suppliers,Foreign income from Cypriot suppliers (C21),JP,9.259813995642172e-11,illustrative
2 suppliers,Foreign income from Cypriot suppliers (C21),LV,9.259813995642172e-11,illustrative
2 suppliers,Foreign income from Cypriot suppliers (C21),NL,3.7039255982568686e-10,illustrative
2 suppliers,Foreign income from Cypriot suppliers (C21),OFFSHO,4.6221468510413636e-07,illustrative
2 suppliers,Foreign income from Cypriot suppliers (C21),PT,1.8519627991284343e-10,illustrative
2 suppliers,Foreign income from Cypriot suppliers (C21),RU,4.8151032777339286e-09,illustrative
2 suppliers,Foreign income from Cypriot suppliers (C21),SE,1.8519627991284343e-10,illustrative
2 suppliers,Foreign income from Cypriot suppliers (C21),SK,2.777944198692651e-10,illustrative
2 suppliers,Foreign income from Cypriot suppliers (C21),UK,3.79652373821329e-09,illustrative
2 suppliers,Foreign income from Cypriot suppliers (C21),US,1.2037758194334821e-09,illustrative
2 suppliers,Foreign income from Cypriot suppliers (C21),WORLD_UNALLOCATED,4.178190368514599e-07,illustrative
2 suppliers,Foreign income from Cypriot suppliers (C21),ZA,9.259813995642172e-11,illustrative
2 suppliers,Foreign income from Cypriot suppliers (C22),AT,4.808620826463939e-08,illustrative
2 suppliers,Foreign income from Cypriot suppliers (C22),AU,1.3738916647039826e-08,illustrative
2 suppliers,Foreign income from Cypriot suppliers (C22),BE,1.0304187485279867e-07,illustrative
2 suppliers,Foreign income from Cypriot suppliers (C22),BR,6.869458323519913e-09,illustrative
2 suppliers,Foreign income from Cypriot suppliers (C22),CA,1.3738916647039826e-08,illustrative
2 suppliers,Foreign income from Cypriot suppliers (C22),CH,8.243349988223894e-08,illustrative
2 suppliers,Foreign income from Cypriot suppliers (C22),CONFIDENTIAL_PARTNERS,2.4524400741909692e-05,illustrative
2 suppliers,Cyprus suppliers' value added (C22),CY,0.0013886405824885067,illustrative
2 suppliers,Foreign income from Cypriot suppliers (C22),CZ,2.747783329407965e-08,illustrative
2 suppliers,Foreign income from Cypriot suppliers (C22),DE,1.00608776613157e-06,illustrative
2 suppliers,Foreign income from Cypriot suppliers (C22),DK,1.3738916647039826e-08,illustrative
2 suppliers,Foreign income from Cypriot suppliers (C22),EL,3.3385567452306778e-06,illustrative
2 suppliers,Foreign income from Cypriot suppliers (C22),ES,8.930295820575886e-08,illustrative
2 suppliers,Foreign income from Cypriot suppliers (C22),FI,2.747783329407965e-08,illustrative
2 suppliers,Foreign income from Cypriot suppliers (C22),FR,5.49556665881593e-08,illustrative
2 suppliers,Foreign income from Cypriot suppliers (C22),HU,6.869458323519913e-09,illustrative
2 suppliers,Foreign income from Cypriot suppliers (C22),IE,2.0608374970559734e-08,illustrative
2 suppliers,Foreign income from Cypriot suppliers (C22),IT,8.930295820575886e-08,illustrative
2 suppliers,Foreign income from Cypriot suppliers (C22),JP,6.869458323519913e-09,illustrative
2 suppliers,Foreign income from Cypriot suppliers (C22),LV,6.869458323519913e-09,illustrative
2 suppliers,Foreign income from Cypriot suppliers (C22),NL,2.747783329407965e-08,illustrative
2 suppliers,Foreign income from Cypriot suppliers (C22),OFFSHO,6.8054444754917905e-06,illustrative
2 suppliers,Foreign income from Cypriot suppliers (C22),PT,1.3738916647039826e-08,illustrative
2 suppliers,Foreign income from Cypriot suppliers (C22),RU,3.5721183282303543e-07,illustrative
2 suppliers,Foreign income from Cypriot suppliers (C22),SE,1.3738916647039826e-08,illustrative
2 suppliers,Foreign income from Cypriot suppliers (C22),SK,2.0608374970559734e-08,illustrative
2 suppliers,Foreign income from Cypriot suppliers (C22),UK,2.8164779126431633e-07,illustrative
2 suppliers,Foreign income from Cypriot suppliers (C22),US,8.930295820575886e-08,illustrative
2 suppliers,Foreign income from Cypriot suppliers (C22),WORLD_UNALLOCATED,6.151782597421031e-06,illustrative
2 suppliers,Foreign income from Cypriot suppliers (C22),ZA,6.869458323519913e-09,illustrative
2 suppliers,Foreign income from Cypriot suppliers (C23),AT,4.4911863143277236e-08,illustrative
2 suppliers,Foreign income from Cypriot suppliers (C23),AU,1.283196089807921e-08,illustrative
2 suppliers,Foreign income from Cypriot suppliers (C23),BE,9.623970673559408e-08,illustrative
2 suppliers,Foreign income from Cypriot suppliers (C23),BR,6.415980449039605e-09,illustrative
2 suppliers,Foreign income from Cypriot suppliers (C23),CA,1.283196089807921e-08,illustrative
2 suppliers,Foreign income from Cypriot suppliers (C23),CH,7.699176538847526e-08,illustrative
2 suppliers,Foreign income from Cypriot suppliers (C23),CONFIDENTIAL_PARTNERS,5.6127737942624765e-05,illustrative
2 suppliers,Cyprus suppliers' value added (C23),CY,0.001846854874644431,illustrative
2 suppliers,Foreign income from Cypriot suppliers (C23),CZ,2.566392179615842e-08,illustrative
2 suppliers,Foreign income from Cypriot suppliers (C23),DE,2.9184835669198066e-06,illustrative
2 suppliers,Foreign income from Cypriot suppliers (C23),DK,1.283196089807921e-08,illustrative
2 suppliers,Foreign income from Cypriot suppliers (C23),EL,3.118166498233248e-06,illustrative
2 suppliers,Foreign income from Cypriot suppliers (C23),ES,8.340774583751485e-08,illustrative
2 suppliers,Foreign income from Cypriot suppliers (C23),FI,2.566392179615842e-08,illustrative
2 suppliers,Foreign income from Cypriot suppliers (C23),FR,5.132784359231684e-08,illustrative
2 suppliers,Foreign income from Cypriot suppliers (C23),HU,6.415980449039605e-09,illustrative
2 suppliers,Foreign income from Cypriot suppliers (C23),IE,1.9247941347118816e-08,illustrative
2 suppliers,Foreign income from Cypriot suppliers (C23),IT,8.340774583751485e-08,illustrative
2 suppliers,Foreign income from Cypriot suppliers (C23),JP,6.415980449039605e-09,illustrative
2 suppliers,Foreign income from Cypriot suppliers (C23),LV,6.415980449039605e-09,illustrative
2 suppliers,Foreign income from Cypriot suppliers (C23),NL,2.566392179615842e-08,illustrative
2 suppliers,Foreign income from Cypriot suppliers (C23),OFFSHO,2.0413257698597493e-05,illustrative
2 suppliers,Foreign income from Cypriot suppliers (C23),PT,1.283196089807921e-08,illustrative
2 suppliers,Foreign income from Cypriot suppliers (C23),RU,3.336309833500594e-07,illustrative
2 suppliers,Foreign income from Cypriot suppliers (C23),SE,1.283196089807921e-08,illustrative
2 suppliers,Foreign income from Cypriot suppliers (C23),SK,1.9247941347118816e-08,illustrative
2 suppliers,Foreign income from Cypriot suppliers (C23),UK,2.6305519841062376e-07,illustrative
2 suppliers,Foreign income from Cypriot suppliers (C23),US,8.340774583751485e-08,illustrative
2 suppliers,Foreign income from Cypriot suppliers (C23),WORLD_UNALLOCATED,1.8452567487567106e-05,illustrative
2 suppliers,Foreign income from Cypriot suppliers (C23),ZA,6.415980449039605e-09,illustrative
2 suppliers,Foreign income from Cypriot suppliers (C24),AT,1.1831977678949664e-08,illustrative
2 suppliers,Foreign income from Cypriot suppliers (C24),AU,3.380565051128476e-09,illustrative
2 suppliers,Foreign income from Cypriot suppliers (C24),BE,2.535423788346357e-08,illustrative
2 suppliers,Foreign income from Cypriot suppliers (C24),BR,1.690282525564238e-09,illustrative
2 suppliers,Foreign income from Cypriot suppliers (C24),CA,3.380565051128476e-09,illustrative
2 suppliers,Foreign income from Cypriot suppliers (C24),CH,2.0283390306770855e-08,illustrative
2 suppliers,Foreign income from Cypriot suppliers (C24),CONFIDENTIAL_PARTNERS,2.076850139160779e-06,illustrative
2 suppliers,Cyprus suppliers' value added (C24),CY,0.0006093804771902812,illustrative
2 suppliers,Foreign income from Cypriot suppliers (C24),CZ,6.761130102256952e-09,illustrative
2 suppliers,Foreign income from Cypriot suppliers (C24),DE,1.1831977678949664e-08,illustrative
2 suppliers,Foreign income from Cypriot suppliers (C24),DK,3.380565051128476e-09,illustrative
2 suppliers,Foreign income from Cypriot suppliers (C24),EL,8.214773074242197e-07,illustrative
2 suppliers,Foreign income from Cypriot suppliers (C24),ES,2.1973672832335086e-08,illustrative
2 suppliers,Foreign income from Cypriot suppliers (C24),FI,6.761130102256952e-09,illustrative
2 suppliers,Foreign income from Cypriot suppliers (C24),FR,1.3522260204513904e-08,illustrative
2 suppliers,Foreign income from Cypriot suppliers (C24),HU,1.690282525564238e-09,illustrative
2 suppliers,Foreign income from Cypriot suppliers (C24),IE,5.070847576692714e-09,illustrative
2 suppliers,Foreign income from Cypriot suppliers (C24),IT,2.1973672832335086e-08,illustrative
2 suppliers,Foreign income from Cypriot suppliers (C24),JP,1.690282525564238e-09,illustrative
2 suppliers,Foreign income from Cypriot suppliers (C24),LV,1.690282525564238e-09,illustrative
2 suppliers,Foreign income from Cypriot suppliers (C24),NL,6.761130102256952e-09,illustrative
2 suppliers,Foreign income from Cypriot suppliers (C24),PT,3.380565051128476e-09,illustrative
2 suppliers,Foreign income from Cypriot suppliers (C24),RU,8.789469132934034e-08,illustrative
2 suppliers,Foreign income from Cypriot suppliers (C24),SE,3.380565051128476e-09,illustrative
2 suppliers,Foreign income from Cypriot suppliers (C24),SK,5.070847576692714e-09,illustrative
2 suppliers,Foreign income from Cypriot suppliers (C24),UK,6.930158354813375e-08,illustrative
2 suppliers,Foreign income from Cypriot suppliers (C24),US,2.1973672832335086e-08,illustrative
2 suppliers,Foreign income from Cypriot suppliers (C24),WORLD_UNALLOCATED,3.262345607554324e-06,illustrative
2 suppliers,Foreign income from Cypriot suppliers (C24),ZA,1.690282525564238e-09,illustrative
2 suppliers,Foreign income from Cypriot suppliers (C25),AT,1.1160236749375919e-07,illustrative
2 suppliers,Foreign income from Cypriot suppliers (C25),AU,3.1886390712502625e-08,illustrative
2 suppliers,Foreign income from Cypriot suppliers (C25),BE,2.391479303437697e-07,illustrative
2 suppliers,Foreign income from Cypriot suppliers (C25),BR,1.5943195356251313e-08,illustrative
2 suppliers,Foreign income from Cypriot suppliers (C25),CA,3.1886390712502625e-08,illustrative
2 suppliers,Foreign income from Cypriot suppliers (C25),CH,1.9131834427501574e-07,illustrative
2 suppliers,Foreign income from Cypriot suppliers (C25),CONFIDENTIAL_PARTNERS,1.9589404134225994e-05,illustrative
2 suppliers,Cyprus suppliers' value added (C25),CY,0.004954516920295851,illustrative
2 suppliers,Foreign income from Cypriot suppliers (C25),CZ,6.377278142500525e-08,illustrative
2 suppliers,Foreign income from Cypriot suppliers (C25),DE,1.1160236749375919e-07,illustrative
2 suppliers,Foreign income from Cypriot suppliers (C25),DK,3.1886390712502625e-08,illustrative
2 suppliers,Foreign income from Cypriot suppliers (C25),EL,7.748392943138139e-06,illustrative
2 suppliers,Foreign income from Cypriot suppliers (C25),ES,2.0726153963126707e-07,illustrative
2 suppliers,Foreign income from Cypriot suppliers (C25),FI,6.377278142500525e-08,illustrative
2 suppliers,Foreign income from Cypriot suppliers (C25),FR,1.275455628500105e-07,illustrative
2 suppliers,Foreign income from Cypriot suppliers (C25),HU,1.5943195356251313e-08,illustrative
2 suppliers,Foreign income from Cypriot suppliers (C25),IE,4.7829586068753935e-08,illustrative
2 suppliers,Foreign income from Cypriot suppliers (C25),IT,2.0726153963126707e-07,illustrative
2 suppliers,Foreign income from Cypriot suppliers (C25),JP,1.5943195356251313e-08,illustrative
2 suppliers,Foreign income from Cypriot suppliers (C25),LV,1.5943195356251313e-08,illustrative
2 suppliers,Foreign income from Cypriot suppliers (C25),NL,6.377278142500525e-08,illustrative
2 suppliers,Foreign income from Cypriot suppliers (C25),PT,3.1886390712502625e-08,illustrative
2 suppliers,Foreign income from Cypriot suppliers (C25),RU,8.290461585250683e-07,illustrative
2 suppliers,Foreign income from Cypriot suppliers (C25),SE,3.1886390712502625e-08,illustrative
2 suppliers,Foreign income from Cypriot suppliers (C25),SK,4.7829586068753935e-08,illustrative
2 suppliers,Foreign income from Cypriot suppliers (C25),UK,6.536710096063037e-07,illustrative
2 suppliers,Foreign income from Cypriot suppliers (C25),US,2.0726153963126707e-07,illustrative
2 suppliers,Foreign income from Cypriot suppliers (C25),WORLD_UNALLOCATED,2.3163358983223354e-05,illustrative
2 suppliers,Foreign income from Cypriot suppliers (C25),ZA,1.5943195356251313e-08,illustrative
2 suppliers,Foreign income from Cypriot suppliers (C26),AT,1.8726584806707157e-08,illustrative
2 suppliers,Foreign income from Cypriot suppliers (C26),AU,5.35045280191633e-09,illustrative
2 suppliers,Foreign income from Cypriot suppliers (C26),BE,4.012839601437247e-08,illustrative
2 suppliers,Foreign income from Cypriot suppliers (C26),BR,2.675226400958165e-09,illustrative
2 suppliers,Foreign income from Cypriot suppliers (C26),CA,5.35045280191633e-09,illustrative
2 suppliers,Foreign income from Cypriot suppliers (C26),CH,3.210271681149798e-08,illustrative
2 suppliers,Foreign income from Cypriot suppliers (C26),CONFIDENTIAL_PARTNERS,2.4257259470120006e-05,illustrative
2 suppliers,Cyprus suppliers' value added (C26),CY,0.0007257881347482579,illustrative
2 suppliers,Foreign income from Cypriot suppliers (C26),CZ,1.070090560383266e-08,illustrative
2 suppliers,Foreign income from Cypriot suppliers (C26),DE,1.2677704151893666e-06,illustrative
2 suppliers,Foreign income from Cypriot suppliers (C26),DK,5.35045280191633e-09,illustrative
2 suppliers,Foreign income from Cypriot suppliers (C26),EL,1.3001600308656682e-06,illustrative
2 suppliers,Foreign income from Cypriot suppliers (C26),ES,3.477794321245614e-08,illustrative
2 suppliers,Foreign income from Cypriot suppliers (C26),FI,1.070090560383266e-08,illustrative
2 suppliers,Foreign income from Cypriot suppliers (C26),FR,2.140181120766532e-08,illustrative
2 suppliers,Foreign income from Cypriot suppliers (C26),HU,2.675226400958165e-09,illustrative
2 suppliers,Foreign income from Cypriot suppliers (C26),IE,8.025679202874494e-09,illustrative
2 suppliers,Foreign income from Cypriot suppliers (C26),IT,3.477794321245614e-08,illustrative
2 suppliers,Foreign income from Cypriot suppliers (C26),JP,2.675226400958165e-09,illustrative
2 suppliers,Foreign income from Cypriot suppliers (C26),LV,2.675226400958165e-09,illustrative
2 suppliers,Foreign income from Cypriot suppliers (C26),NL,1.070090560383266e-08,illustrative
2 suppliers,Foreign income from Cypriot suppliers (C26),OFFSHO,8.872948447026946e-06,illustrative
2 suppliers,Foreign income from Cypriot suppliers (C26),PT,5.35045280191633e-09,illustrative
2 suppliers,Foreign income from Cypriot suppliers (C26),RU,1.3911177284982456e-07,illustrative
2 suppliers,Foreign income from Cypriot suppliers (C26),SE,5.35045280191633e-09,illustrative
2 suppliers,Foreign income from Cypriot suppliers (C26),SK,8.025679202874494e-09,illustrative
2 suppliers,Foreign income from Cypriot suppliers (C26),UK,1.0968428243928475e-07,illustrative
2 suppliers,Foreign income from Cypriot suppliers (C26),US,3.477794321245614e-08,illustrative
2 suppliers,Foreign income from Cypriot suppliers (C26),WORLD_UNALLOCATED,8.020703135674301e-06,illustrative
2 suppliers,Foreign income from Cypriot suppliers (C26),ZA,2.675226400958165e-09,illustrative
2 suppliers,Foreign income from Cypriot suppliers (C27),AT,1.0472140304208054e-07,illustrative
2 suppliers,Foreign income from Cypriot suppliers (C27),AU,2.9920400869165866e-08,illustrative
2 suppliers,Foreign income from Cypriot suppliers (C27),BE,2.2440300651874402e-07,illustrative
2 suppliers,Foreign income from Cypriot suppliers (C27),BR,1.4960200434582933e-08,illustrative
2 suppliers,Foreign income from Cypriot suppliers (C27),CA,2.9920400869165866e-08,illustrative
2 suppliers,Foreign income from Cypriot suppliers (C27),CH,1.7952240521499522e-07,illustrative
2 suppliers,Foreign income from Cypriot suppliers (C27),CONFIDENTIAL_PARTNERS,1.8381598273972053e-05,illustrative
2 suppliers,Cyprus suppliers' value added (C27),CY,0.003733293169915917,illustrative
2 suppliers,Foreign income from Cypriot suppliers (C27),CZ,5.984080173833173e-08,illustrative
2 suppliers,Foreign income from Cypriot suppliers (C27),DE,1.0472140304208054e-07,illustrative
2 suppliers,Foreign income from Cypriot suppliers (C27),DK,2.9920400869165866e-08,illustrative
2 suppliers,Foreign income from Cypriot suppliers (C27),EL,7.2706574112073065e-06,illustrative
2 suppliers,Foreign income from Cypriot suppliers (C27),ES,1.9448260564957814e-07,illustrative
2 suppliers,Foreign income from Cypriot suppliers (C27),FI,5.984080173833173e-08,illustrative
2 suppliers,Foreign income from Cypriot suppliers (C27),FR,1.1968160347666347e-07,illustrative
2 suppliers,Foreign income from Cypriot suppliers (C27),HU,1.4960200434582933e-08,illustrative
2 suppliers,Foreign income from Cypriot suppliers (C27),IE,4.4880601303748806e-08,illustrative
2 suppliers,Foreign income from Cypriot suppliers (C27),IT,1.9448260564957814e-07,illustrative
2 suppliers,Foreign income from Cypriot suppliers (C27),JP,1.4960200434582933e-08,illustrative
2 suppliers,Foreign income from Cypriot suppliers (C27),LV,1.4960200434582933e-08,illustrative
2 suppliers,Foreign income from Cypriot suppliers (C27),NL,5.984080173833173e-08,illustrative
2 suppliers,Foreign income from Cypriot suppliers (C27),PT,2.9920400869165866e-08,illustrative
2 suppliers,Foreign income from Cypriot suppliers (C27),RU,7.779304225983125e-07,illustrative
2 suppliers,Foreign income from Cypriot suppliers (C27),SE,2.9920400869165866e-08,illustrative
2 suppliers,Foreign income from Cypriot suppliers (C27),SK,4.4880601303748806e-08,illustrative
2 suppliers,Foreign income from Cypriot suppliers (C27),UK,6.133682178179002e-07,illustrative
2 suppliers,Foreign income from Cypriot suppliers (C27),US,1.9448260564957814e-07,illustrative
2 suppliers,Foreign income from Cypriot suppliers (C27),WORLD_UNALLOCATED,1.212634757633904e-05,illustrative
2 suppliers,Foreign income from Cypriot suppliers (C27),ZA,1.4960200434582933e-08,illustrative
2 suppliers,Foreign income from Cypriot suppliers (C28),AT,1.557649153315831e-08,illustrative
2 suppliers,Foreign income from Cypriot suppliers (C28),AU,4.450426152330944e-09,illustrative
2 suppliers,Foreign income from Cypriot suppliers (C28),BE,3.3378196142482085e-08,illustrative
2 suppliers,Foreign income from Cypriot suppliers (C28),BR,2.225213076165472e-09,illustrative
2 suppliers,Foreign income from Cypriot suppliers (C28),CA,4.450426152330944e-09,illustrative
2 suppliers,Foreign income from Cypriot suppliers (C28),CH,2.670255691398567e-08,illustrative
2 suppliers,Foreign income from Cypriot suppliers (C28),CONFIDENTIAL_PARTNERS,2.7341193066845163e-06,illustrative
2 suppliers,Cyprus suppliers' value added (C28),CY,0.0006815348505364294,illustrative
2 suppliers,Foreign income from Cypriot suppliers (C28),CZ,8.900852304661888e-09,illustrative
2 suppliers,Foreign income from Cypriot suppliers (C28),DE,1.557649153315831e-08,illustrative
2 suppliers,Foreign income from Cypriot suppliers (C28),DK,4.450426152330944e-09,illustrative
2 suppliers,Foreign income from Cypriot suppliers (C28),EL,1.0814535550164196e-06,illustrative
2 suppliers,Foreign income from Cypriot suppliers (C28),ES,2.8927769990151136e-08,illustrative
2 suppliers,Foreign income from Cypriot suppliers (C28),FI,8.900852304661888e-09,illustrative
2 suppliers,Foreign income from Cypriot suppliers (C28),FR,1.7801704609323776e-08,illustrative
2 suppliers,Foreign income from Cypriot suppliers (C28),HU,2.225213076165472e-09,illustrative
2 suppliers,Foreign income from Cypriot suppliers (C28),IE,6.675639228496417e-09,illustrative
2 suppliers,Foreign income from Cypriot suppliers (C28),IT,2.8927769990151136e-08,illustrative
2 suppliers,Foreign income from Cypriot suppliers (C28),JP,2.225213076165472e-09,illustrative
2 suppliers,Foreign income from Cypriot suppliers (C28),LV,2.225213076165472e-09,illustrative
2 suppliers,Foreign income from Cypriot suppliers (C28),NL,8.900852304661888e-09,illustrative
2 suppliers,Foreign income from Cypriot suppliers (C28),PT,4.450426152330944e-09,illustrative
2 suppliers,Foreign income from Cypriot suppliers (C28),RU,1.1571107996060455e-07,illustrative
2 suppliers,Foreign income from Cypriot suppliers (C28),SE,4.450426152330944e-09,illustrative
2 suppliers,Foreign income from Cypriot suppliers (C28),SK,6.675639228496417e-09,illustrative
2 suppliers,Foreign income from Cypriot suppliers (C28),UK,9.123373612278436e-08,illustrative
2 suppliers,Foreign income from Cypriot suppliers (C28),US,2.8927769990151136e-08,illustrative
2 suppliers,Foreign income from Cypriot suppliers (C28),WORLD_UNALLOCATED,3.196769675512597e-06,illustrative
2 suppliers,Foreign income from Cypriot suppliers (C28),ZA,2.225213076165472e-09,illustrative
2 suppliers,Foreign income from Cypriot suppliers (C29),AT,7.811819458825098e-09,illustrative
2 suppliers,Foreign income from Cypriot suppliers (C29),AU,2.231948416807171e-09,illustrative
2 suppliers,Foreign income from Cypriot suppliers (C29),BE,1.673961312605378e-08,illustrative
2 suppliers,Foreign income from Cypriot suppliers (C29),BR,1.1159742084035854e-09,illustrative
2 suppliers,Foreign income from Cypriot suppliers (C29),CA,2.231948416807171e-09,illustrative
2 suppliers,Foreign income from Cypriot suppliers (C29),CH,1.3391690500843025e-08,illustrative
2 suppliers,Foreign income from Cypriot suppliers (C29),CONFIDENTIAL_PARTNERS,1.3711975098654856e-06,illustrative
2 suppliers,Cyprus suppliers' value added (C29),CY,0.0003482203072111849,illustrative
2 suppliers,Foreign income from Cypriot suppliers (C29),CZ,4.463896833614342e-09,illustrative
2 suppliers,Foreign income from Cypriot suppliers (C29),DE,7.811819458825098e-09,illustrative
2 suppliers,Foreign income from Cypriot suppliers (C29),DK,2.231948416807171e-09,illustrative
2 suppliers,Foreign income from Cypriot suppliers (C29),EL,5.423634652841425e-07,illustrative
2 suppliers,Foreign income from Cypriot suppliers (C29),ES,1.4507664709246611e-08,illustrative
2 suppliers,Foreign income from Cypriot suppliers (C29),FI,4.463896833614342e-09,illustrative
2 suppliers,Foreign income from Cypriot suppliers (C29),FR,8.927793667228683e-09,illustrative
2 suppliers,Foreign income from Cypriot suppliers (C29),HU,1.1159742084035854e-09,illustrative
2 suppliers,Foreign income from Cypriot suppliers (C29),IE,3.3479226252107563e-09,illustrative
2 suppliers,Foreign income from Cypriot suppliers (C29),IT,1.4507664709246611e-08,illustrative
2 suppliers,Foreign income from Cypriot suppliers (C29),JP,1.1159742084035854e-09,illustrative
2 suppliers,Foreign income from Cypriot suppliers (C29),LV,1.1159742084035854e-09,illustrative
2 suppliers,Foreign income from Cypriot suppliers (C29),NL,4.463896833614342e-09,illustrative
2 suppliers,Foreign income from Cypriot suppliers (C29),PT,2.231948416807171e-09,illustrative
2 suppliers,Foreign income from Cypriot suppliers (C29),RU,5.8030658836986444e-08,illustrative
2 suppliers,Foreign income from Cypriot suppliers (C29),SE,2.231948416807171e-09,illustrative
2 suppliers,Foreign income from Cypriot suppliers (C29),SK,3.3479226252107563e-09,illustrative
2 suppliers,Foreign income from Cypriot suppliers (C29),UK,4.5754942544546996e-08,illustrative
2 suppliers,Foreign income from Cypriot suppliers (C29),US,1.4507664709246611e-08,illustrative
2 suppliers,Foreign income from Cypriot suppliers (C29),WORLD_UNALLOCATED,1.560399696111957e-06,illustrative
2 suppliers,Foreign income from Cypriot suppliers (C29),ZA,1.1159742084035854e-09,illustrative
2 suppliers,Foreign income from Cypriot suppliers (C30),AT,7.268304910343482e-10,illustrative
2 suppliers,Foreign income from Cypriot suppliers (C30),AU,2.0766585458124236e-10,illustrative
2 suppliers,Foreign income from Cypriot suppliers (C30),BE,1.5574939093593174e-09,illustrative
2 suppliers,Foreign income from Cypriot suppliers (C30),BR,1.0383292729062118e-10,illustrative
2 suppliers,Foreign income from Cypriot suppliers (C30),CA,2.0766585458124236e-10,illustrative
2 suppliers,Foreign income from Cypriot suppliers (C30),CH,1.245995127487454e-09,illustrative
2 suppliers,Foreign income from Cypriot suppliers (C30),CONFIDENTIAL_PARTNERS,1.2757951776198626e-07,illustrative
2 suppliers,Cyprus suppliers' value added (C30),CY,4.419224363068377e-05,illustrative
2 suppliers,Foreign income from Cypriot suppliers (C30),CZ,4.153317091624847e-10,illustrative
2 suppliers,Foreign income from Cypriot suppliers (C30),DE,7.268304910343482e-10,illustrative
2 suppliers,Foreign income from Cypriot suppliers (C30),DK,2.0766585458124236e-10,illustrative
2 suppliers,Foreign income from Cypriot suppliers (C30),EL,5.0462802663241895e-08,illustrative
2 suppliers,Foreign income from Cypriot suppliers (C30),ES,1.349828054778075e-09,illustrative
2 suppliers,Foreign income from Cypriot suppliers (C30),FI,4.153317091624847e-10,illustrative
2 suppliers,Foreign income from Cypriot suppliers (C30),FR,8.306634183249694e-10,illustrative
2 suppliers,Foreign income from Cypriot suppliers (C30),HU,1.0383292729062118e-10,illustrative
2 suppliers,Foreign income from Cypriot suppliers (C30),IE,3.114987818718635e-10,illustrative
2 suppliers,Foreign income from Cypriot suppliers (C30),IT,1.349828054778075e-09,illustrative
2 suppliers,Foreign income from Cypriot suppliers (C30),JP,1.0383292729062118e-10,illustrative
2 suppliers,Foreign income from Cypriot suppliers (C30),LV,1.0383292729062118e-10,illustrative
2 suppliers,Foreign income from Cypriot suppliers (C30),NL,4.153317091624847e-10,illustrative
2 suppliers,Foreign income from Cypriot suppliers (C30),PT,2.0766585458124236e-10,illustrative
2 suppliers,Foreign income from Cypriot suppliers (C30),RU,5.3993122191123e-09,illustrative
2 suppliers,Foreign income from Cypriot suppliers (C30),SE,2.0766585458124236e-10,illustrative
2 suppliers,Foreign income from Cypriot suppliers (C30),SK,3.114987818718635e-10,illustrative
2 suppliers,Foreign income from Cypriot suppliers (C30),UK,4.257150018915468e-09,illustrative
2 suppliers,Foreign income from Cypriot suppliers (C30),US,1.349828054778075e-09,illustrative
2 suppliers,Foreign income from Cypriot suppliers (C30),WORLD_UNALLOCATED,2.883733254275445e-07,illustrative
2 suppliers,Foreign income from Cypriot suppliers (C30),ZA,1.0383292729062118e-10,illustrative
2 suppliers,Foreign income from Cypriot suppliers (C31-32),AT,2.841846287707193e-08,illustrative
2 suppliers,Foreign income from Cypriot suppliers (C31-32),AU,8.119560822020552e-09,illustrative
2 suppliers,Foreign income from Cypriot suppliers (C31-32),BE,6.089670616515414e-08,illustrative
2 suppliers,Foreign income from Cypriot suppliers (C31-32),BR,4.059780411010276e-09,illustrative
2 suppliers,Foreign income from Cypriot suppliers (C31-32),CA,8.119560822020552e-09,illustrative
2 suppliers,Foreign income from Cypriot suppliers (C31-32),CH,4.8717364932123305e-08,illustrative
2 suppliers,Foreign income from Cypriot suppliers (C31-32),CONFIDENTIAL_PARTNERS,4.988252191008326e-06,illustrative
2 suppliers,Cyprus suppliers' value added (C31-32),CY,0.0011203724441471402,illustrative
2 suppliers,Foreign income from Cypriot suppliers (C31-32),CZ,1.6239121644041104e-08,illustrative
2 suppliers,Foreign income from Cypriot suppliers (C31-32),DE,2.841846287707193e-08,illustrative
2 suppliers,Foreign income from Cypriot suppliers (C31-32),DK,8.119560822020552e-09,illustrative
2 suppliers,Foreign income from Cypriot suppliers (C31-32),EL,1.973053279750994e-06,illustrative
2 suppliers,Foreign income from Cypriot suppliers (C31-32),ES,5.2777145343133576e-08,illustrative
2 suppliers,Foreign income from Cypriot suppliers (C31-32),FI,1.6239121644041104e-08,illustrative
2 suppliers,Foreign income from Cypriot suppliers (C31-32),FR,3.247824328808221e-08,illustrative
2 suppliers,Foreign income from Cypriot suppliers (C31-32),HU,4.059780411010276e-09,illustrative
2 suppliers,Foreign income from Cypriot suppliers (C31-32),IE,1.2179341233030826e-08,illustrative
2 suppliers,Foreign income from Cypriot suppliers (C31-32),IT,5.2777145343133576e-08,illustrative
2 suppliers,Foreign income from Cypriot suppliers (C31-32),JP,4.059780411010276e-09,illustrative
2 suppliers,Foreign income from Cypriot suppliers (C31-32),LV,4.059780411010276e-09,illustrative
2 suppliers,Foreign income from Cypriot suppliers (C31-32),NL,1.6239121644041104e-08,illustrative
2 suppliers,Foreign income from Cypriot suppliers (C31-32),PT,8.119560822020552e-09,illustrative
2 suppliers,Foreign income from Cypriot suppliers (C31-32),RU,2.111085813725343e-07,illustrative
2 suppliers,Foreign income from Cypriot suppliers (C31-32),SE,8.119560822020552e-09,illustrative
2 suppliers,Foreign income from Cypriot suppliers (C31-32),SK,1.2179341233030826e-08,illustrative
2 suppliers,Foreign income from Cypriot suppliers (C31-32),UK,1.6645099685142126e-07,illustrative
2 suppliers,Foreign income from Cypriot suppliers (C31-32),US,5.2777145343133576e-08,illustrative
2 suppliers,Foreign income from Cypriot suppliers (C31-32),WORLD_UNALLOCATED,4.254748662706065e-06,illustrative
2 suppliers,Foreign income from Cypriot suppliers (C31-32),ZA,4.059780411010276e-09,illustrative
2 suppliers,Foreign income from Cypriot suppliers (C33),AT,1.954545719701655e-06,illustrative
2 suppliers,Foreign income from Cypriot suppliers (C33),AU,5.584416342004729e-07,illustrative
2 suppliers,Foreign income from Cypriot suppliers (C33),BE,4.1883122565035465e-06,illustrative
2 suppliers,Foreign income from Cypriot suppliers (C33),BR,2.7922081710023643e-07,illustrative
2 suppliers,Foreign income from Cypriot suppliers (C33),CA,5.584416342004729e-07,illustrative
2 suppliers,Foreign income from Cypriot suppliers (C33),CH,3.350649805202837e-06,illustrative
2 suppliers,Foreign income from Cypriot suppliers (C33),CONFIDENTIAL_PARTNERS,0.0021161299675849566,illustrative
2 suppliers,Cyprus suppliers' value added (C33),CY,0.07026065307706361,illustrative
2 suppliers,Foreign income from Cypriot suppliers (C33),CZ,1.1168832684009457e-06,illustrative
2 suppliers,Foreign income from Cypriot suppliers (C33),DE,0.00010756240452698313,illustrative
2 suppliers,Foreign income from Cypriot suppliers (C33),DK,5.584416342004729e-07,illustrative
2 suppliers,Foreign income from Cypriot suppliers (C33),EL,0.00013570131711071492,illustrative
2 suppliers,Foreign income from Cypriot suppliers (C33),ES,3.629870622303073e-06,illustrative
2 suppliers,Foreign income from Cypriot suppliers (C33),FI,1.1168832684009457e-06,illustrative
2 suppliers,Foreign income from Cypriot suppliers (C33),FR,2.2337665368018914e-06,illustrative
2 suppliers,Foreign income from Cypriot suppliers (C33),HU,2.7922081710023643e-07,illustrative
2 suppliers,Foreign income from Cypriot suppliers (C33),IE,8.376624513007093e-07,illustrative
2 suppliers,Foreign income from Cypriot suppliers (C33),IT,3.629870622303073e-06,illustrative
2 suppliers,Foreign income from Cypriot suppliers (C33),JP,2.7922081710023643e-07,illustrative
2 suppliers,Foreign income from Cypriot suppliers (C33),LV,2.7922081710023643e-07,illustrative
2 suppliers,Foreign income from Cypriot suppliers (C33),NL,1.1168832684009457e-06,illustrative
2 suppliers,Foreign income from Cypriot suppliers (C33),OFFSHO,0.0007502163366923896,illustrative
2 suppliers,Foreign income from Cypriot suppliers (C33),PT,5.584416342004729e-07,illustrative
2 suppliers,Foreign income from Cypriot suppliers (C33),RU,1.4519482489212293e-05,illustrative
2 suppliers,Foreign income from Cypriot suppliers (C33),SE,5.584416342004729e-07,illustrative
2 suppliers,Foreign income from Cypriot suppliers (C33),SK,8.376624513007093e-07,illustrative
2 suppliers,Foreign income from Cypriot suppliers (C33),UK,1.1448053501109692e-05,illustrative
2 suppliers,Foreign income from Cypriot suppliers (C33),US,3.629870622303073e-06,illustrative
2 suppliers,Foreign income from Cypriot suppliers (C33),WORLD_UNALLOCATED,0.0006781581748239432,illustrative
2 suppliers,Foreign income from Cypriot suppliers (C33),ZA,2.7922081710023643e-07,illustrative
2 suppliers,Foreign income from Cypriot suppliers (D35),AT,2.0635700090136977e-07,illustrative
2 suppliers,Foreign income from Cypriot suppliers (D35),AU,5.895914311467708e-08,illustrative
2 suppliers,Foreign income from Cypriot suppliers (D35),BE,4.42193573360078e-07,illustrative
2 suppliers,Foreign income from Cypriot suppliers (D35),BR,2.947957155733854e-08,illustrative
2 suppliers,Foreign income from Cypriot suppliers (D35),CA,5.895914311467708e-08,illustrative
2 suppliers,Foreign income from Cypriot suppliers (D35),CH,3.537548586880625e-07,illustrative
2 suppliers,Foreign income from Cypriot suppliers (D35),CONFIDENTIAL_PARTNERS,3.6221549572501864e-05,illustrative
2 suppliers,Cyprus suppliers' value added (D35),CY,0.010012295432956425,illustrative
2 suppliers,Foreign income from Cypriot suppliers (D35),CZ,1.1791828622935416e-07,illustrative
2 suppliers,Foreign income from Cypriot suppliers (D35),DE,2.0635700090136977e-07,illustrative
2 suppliers,Foreign income from Cypriot suppliers (D35),DK,5.895914311467708e-08,illustrative
2 suppliers,Foreign income from Cypriot suppliers (D35),EL,1.4327071776866531e-05,illustrative
2 suppliers,Foreign income from Cypriot suppliers (D35),ES,3.832344302454009e-07,illustrative
2 suppliers,Foreign income from Cypriot suppliers (D35),FI,1.1791828622935416e-07,illustrative
2 suppliers,Foreign income from Cypriot suppliers (D35),FR,2.3583657245870832e-07,illustrative
2 suppliers,Foreign income from Cypriot suppliers (D35),HU,2.947957155733854e-08,illustrative
2 suppliers,Foreign income from Cypriot suppliers (D35),IE,8.843871467201562e-08,illustrative
2 suppliers,Foreign income from Cypriot suppliers (D35),IT,3.832344302454009e-07,illustrative
2 suppliers,Foreign income from Cypriot suppliers (D35),JP,2.947957155733854e-08,illustrative
2 suppliers,Foreign income from Cypriot suppliers (D35),LV,2.947957155733854e-08,illustrative
2 suppliers,Foreign income from Cypriot suppliers (D35),NL,1.1791828622935416e-07,illustrative
2 suppliers,Foreign income from Cypriot suppliers (D35),PT,5.895914311467708e-08,illustrative
2 suppliers,Foreign income from Cypriot suppliers (D35),RU,1.5329377209816036e-06,illustrative
2 suppliers,Foreign income from Cypriot suppliers (D35),SE,5.895914311467708e-08,illustrative
2 suppliers,Foreign income from Cypriot suppliers (D35),SK,8.843871467201562e-08,illustrative
2 suppliers,Foreign income from Cypriot suppliers (D35),UK,1.20866243385088e-06,illustrative
2 suppliers,Foreign income from Cypriot suppliers (D35),US,3.832344302454009e-07,illustrative
2 suppliers,Foreign income from Cypriot suppliers (D35),WORLD_UNALLOCATED,3.980361428141437e-05,illustrative
2 suppliers,Foreign income from Cypriot suppliers (D35),ZA,2.947957155733854e-08,illustrative
2 suppliers,Foreign income from Cypriot suppliers (E36),AT,1.7091092083097158e-08,illustrative
2 suppliers,Foreign income from Cypriot suppliers (E36),AU,4.883169166599189e-09,illustrative
2 suppliers,Foreign income from Cypriot suppliers (E36),BE,3.662376874949391e-08,illustrative
2 suppliers,Foreign income from Cypriot suppliers (E36),BR,2.4415845832995944e-09,illustrative
2 suppliers,Foreign income from Cypriot suppliers (E36),CA,4.883169166599189e-09,illustrative
2 suppliers,Foreign income from Cypriot suppliers (E36),CH,2.9299014999595133e-08,illustrative
2 suppliers,Foreign income from Cypriot suppliers (E36),CONFIDENTIAL_PARTNERS,3.062951476374066e-05,illustrative
2 suppliers,Cyprus suppliers' value added (E36),CY,0.0009324590610177596,illustrative
2 suppliers,Foreign income from Cypriot suppliers (E36),CZ,9.766338333198378e-09,illustrative
2 suppliers,Foreign income from Cypriot suppliers (E36),DE,1.7091092083097158e-08,illustrative
2 suppliers,Foreign income from Cypriot suppliers (E36),DK,4.883169166599189e-09,illustrative
2 suppliers,Foreign income from Cypriot suppliers (E36),EL,1.186610107483603e-06,illustrative
2 suppliers,Foreign income from Cypriot suppliers (E36),ES,3.174059958289472e-08,illustrative
2 suppliers,Foreign income from Cypriot suppliers (E36),FI,9.766338333198378e-09,illustrative
2 suppliers,Foreign income from Cypriot suppliers (E36),FR,1.9532676666396755e-08,illustrative
2 suppliers,Foreign income from Cypriot suppliers (E36),HU,2.4415845832995944e-09,illustrative
2 suppliers,Foreign income from Cypriot suppliers (E36),IE,7.324753749898783e-09,illustrative
2 suppliers,Foreign income from Cypriot suppliers (E36),IT,3.174059958289472e-08,illustrative
2 suppliers,Foreign income from Cypriot suppliers (E36),JP,2.4415845832995944e-09,illustrative
2 suppliers,Foreign income from Cypriot suppliers (E36),LV,2.4415845832995944e-09,illustrative
2 suppliers,Foreign income from Cypriot suppliers (E36),NL,9.766338333198378e-09,illustrative
2 suppliers,Foreign income from Cypriot suppliers (E36),PT,4.883169166599189e-09,illustrative
2 suppliers,Foreign income from Cypriot suppliers (E36),RU,1.269623983315789e-07,illustrative
2 suppliers,Foreign income from Cypriot suppliers (E36),SE,4.883169166599189e-09,illustrative
2 suppliers,Foreign income from Cypriot suppliers (E36),SK,7.324753749898783e-09,illustrative
2 suppliers,Foreign income from Cypriot suppliers (E36),UK,1.0010496791528336e-07,illustrative
2 suppliers,Foreign income from Cypriot suppliers (E36),US,3.174059958289472e-08,illustrative
2 suppliers,Foreign income from Cypriot suppliers (E36),WORLD_UNALLOCATED,9.987926844509058e-06,illustrative
2 suppliers,Foreign income from Cypriot suppliers (E36),ZA,2.4415845832995944e-09,illustrative
2 suppliers,Foreign income from Cypriot suppliers (E37-39),AT,1.8142300143436104e-07,illustrative
2 suppliers,Foreign income from Cypriot suppliers (E37-39),AU,5.183514326696029e-08,illustrative
2 suppliers,Foreign income from Cypriot suppliers (E37-39),BE,3.887635745022021e-07,illustrative
2 suppliers,Foreign income from Cypriot suppliers (E37-39),BR,2.5917571633480145e-08,illustrative
2 suppliers,Foreign income from Cypriot suppliers (E37-39),CA,5.183514326696029e-08,illustrative
2 suppliers,Foreign income from Cypriot suppliers (E37-39),CH,3.110108596017617e-07,illustrative
2 suppliers,Foreign income from Cypriot suppliers (E37-39),CONFIDENTIAL_PARTNERS,0.0002841826602491098,illustrative
2 suppliers,Cyprus suppliers' value added (E37-39),CY,0.009197798272989435,illustrative
2 suppliers,Foreign income from Cypriot suppliers (E37-39),CZ,1.0367028653392058e-07,illustrative
2 suppliers,Foreign income from Cypriot suppliers (E37-39),DE,1.8142300143436104e-07,illustrative
2 suppliers,Foreign income from Cypriot suppliers (E37-39),DK,5.183514326696029e-08,illustrative
2 suppliers,Foreign income from Cypriot suppliers (E37-39),EL,1.2595939813871352e-05,illustrative
2 suppliers,Foreign income from Cypriot suppliers (E37-39),ES,3.3692843123524187e-07,illustrative
2 suppliers,Foreign income from Cypriot suppliers (E37-39),FI,1.0367028653392058e-07,illustrative
2 suppliers,Foreign income from Cypriot suppliers (E37-39),FR,2.0734057306784116e-07,illustrative
2 suppliers,Foreign income from Cypriot suppliers (E37-39),HU,2.5917571633480145e-08,illustrative
2 suppliers,Foreign income from Cypriot suppliers (E37-39),IE,7.775271490044043e-08,illustrative
2 suppliers,Foreign income from Cypriot suppliers (E37-39),IT,3.3692843123524187e-07,illustrative
2 suppliers,Foreign income from Cypriot suppliers (E37-39),JP,2.5917571633480145e-08,illustrative
2 suppliers,Foreign income from Cypriot suppliers (E37-39),LV,2.5917571633480145e-08,illustrative
2 suppliers,Foreign income from Cypriot suppliers (E37-39),NL,1.0367028653392058e-07,illustrative
2 suppliers,Foreign income from Cypriot suppliers (E37-39),PT,5.183514326696029e-08,illustrative
2 suppliers,Foreign income from Cypriot suppliers (E37-39),RU,1.3477137249409675e-06,illustrative
2 suppliers,Foreign income from Cypriot suppliers (E37-39),SE,5.183514326696029e-08,illustrative
2 suppliers,Foreign income from Cypriot suppliers (E37-39),SK,7.775271490044043e-08,illustrative
2 suppliers,Foreign income from Cypriot suppliers (E37-39),UK,1.0626204369726859e-06,illustrative
2 suppliers,Foreign income from Cypriot suppliers (E37-39),US,3.3692843123524187e-07,illustrative
2 suppliers,Foreign income from Cypriot suppliers (E37-39),WORLD_UNALLOCATED,9.121870673772889e-05,illustrative
2 suppliers,Foreign income from Cypriot suppliers (E37-39),ZA,2.5917571633480145e-08,illustrative
2 suppliers,Foreign income from Cypriot suppliers (F),AT,4.872277421733379e-07,illustrative
2 suppliers,Foreign income from Cypriot suppliers (F),AU,1.392079263352394e-07,illustrative
2 suppliers,Foreign income from Cypriot suppliers (F),BE,1.0440594475142956e-06,illustrative
2 suppliers,Foreign income from Cypriot suppliers (F),BR,6.96039631676197e-08,illustrative
2 suppliers,Foreign income from Cypriot suppliers (F),CA,1.392079263352394e-07,illustrative
2 suppliers,Foreign income from Cypriot suppliers (F),CH,8.352475580114365e-07,illustrative
2 suppliers,Foreign income from Cypriot suppliers (F),CONFIDENTIAL_PARTNERS,9.162438954846552e-05,illustrative
2 suppliers,Cyprus suppliers' value added (F),CY,0.01617590097507855,illustrative
2 suppliers,Foreign income from Cypriot suppliers (F),CZ,2.784158526704788e-07,illustrative
2 suppliers,Foreign income from Cypriot suppliers (F),DE,4.872277421733379e-07,illustrative
2 suppliers,Foreign income from Cypriot suppliers (F),DK,1.392079263352394e-07,illustrative
2 suppliers,Foreign income from Cypriot suppliers (F),EL,3.382752609946318e-05,illustrative
2 suppliers,Foreign income from Cypriot suppliers (F),ES,9.04851521179056e-07,illustrative
2 suppliers,Foreign income from Cypriot suppliers (F),FI,2.784158526704788e-07,illustrative
2 suppliers,Foreign income from Cypriot suppliers (F),FR,5.568317053409576e-07,illustrative
2 suppliers,Foreign income from Cypriot suppliers (F),HU,6.96039631676197e-08,illustrative
2 suppliers,Foreign income from Cypriot suppliers (F),IE,2.0881188950285913e-07,illustrative
2 suppliers,Foreign income from Cypriot suppliers (F),IT,9.04851521179056e-07,illustrative
2 suppliers,Foreign income from Cypriot suppliers (F),JP,6.96039631676197e-08,illustrative
2 suppliers,Foreign income from Cypriot suppliers (F),LV,6.96039631676197e-08,illustrative
2 suppliers,Foreign income from Cypriot suppliers (F),NL,2.784158526704788e-07,illustrative
2 suppliers,Foreign income from Cypriot suppliers (F),OFFSHO,2.581888048985887e-06,illustrative
2 suppliers,Foreign income from Cypriot suppliers (F),PT,1.392079263352394e-07,illustrative
2 suppliers,Foreign income from Cypriot suppliers (F),RU,3.619406084716224e-06,illustrative
2 suppliers,Foreign income from Cypriot suppliers (F),SE,1.392079263352394e-07,illustrative
2 suppliers,Foreign income from Cypriot suppliers (F),SK,2.0881188950285913e-07,illustrative
2 suppliers,Foreign income from Cypriot suppliers (F),UK,2.853762489872408e-06,illustrative
2 suppliers,Foreign income from Cypriot suppliers (F),US,9.04851521179056e-07,illustrative
2 suppliers,Foreign income from Cypriot suppliers (F),WORLD_UNALLOCATED,4.678733596764127e-05,illustrative
2 suppliers,Foreign income from Cypriot suppliers (F),ZA,6.96039631676197e-08,illustrative
2 suppliers,Foreign income from Cypriot suppliers (G45),AT,4.342357294007178e-07,illustrative
2 suppliers,Foreign income from Cypriot suppliers (G45),AU,1.2406735125734793e-07,illustrative
2 suppliers,Foreign income from Cypriot suppliers (G45),BE,9.305051344301095e-07,illustrative
2 suppliers,Foreign income from Cypriot suppliers (G45),BR,6.203367562867397e-08,illustrative
2 suppliers,Foreign income from Cypriot suppliers (G45),CA,1.2406735125734793e-07,illustrative
2 suppliers,Foreign income from Cypriot suppliers (G45),CH,7.444041075440876e-07,illustrative
2 suppliers,Foreign income from Cypriot suppliers (G45),CONFIDENTIAL_PARTNERS,0.00018301701921565579,illustrative
2 suppliers,Cyprus suppliers' value added (G45),CY,0.01589609067287851,illustrative
2 suppliers,Foreign income from Cypriot suppliers (G45),CZ,2.4813470251469586e-07,illustrative
2 suppliers,Foreign income from Cypriot suppliers (G45),DE,5.358093190743671e-05,illustrative
2 suppliers,Foreign income from Cypriot suppliers (G45),DK,1.0574563113253668e-05,illustrative
2 suppliers,Foreign income from Cypriot suppliers (G45),EL,0.00012574565226974654,illustrative
2 suppliers,Foreign income from Cypriot suppliers (G45),ES,8.064377831727615e-07,illustrative
2 suppliers,Foreign income from Cypriot suppliers (G45),FI,2.4813470251469586e-07,illustrative
2 suppliers,Foreign income from Cypriot suppliers (G45),FR,4.962694050293917e-07,illustrative
2 suppliers,Foreign income from Cypriot suppliers (G45),HU,6.203367562867397e-08,illustrative
2 suppliers,Foreign income from Cypriot suppliers (G45),IE,1.861010268860219e-07,illustrative
2 suppliers,Foreign income from Cypriot suppliers (G45),IT,8.064377831727615e-07,illustrative
2 suppliers,Foreign income from Cypriot suppliers (G45),JP,6.203367562867397e-08,illustrative
2 suppliers,Foreign income from Cypriot suppliers (G45),LV,6.203367562867397e-08,illustrative
2 suppliers,Foreign income from Cypriot suppliers (G45),NL,2.4813470251469586e-07,illustrative
2 suppliers,Foreign income from Cypriot suppliers (G45),OFFSHO,3.252898288685821e-05,illustrative
2 suppliers,Foreign income from Cypriot suppliers (G45),PT,1.2406735125734793e-07,illustrative
2 suppliers,Foreign income from Cypriot suppliers (G45),RU,1.3010300018497263e-05,illustrative
2 suppliers,Foreign income from Cypriot suppliers (G45),SE,1.2406735125734793e-07,illustrative
2 suppliers,Foreign income from Cypriot suppliers (G45),SK,1.861010268860219e-07,illustrative
2 suppliers,Foreign income from Cypriot suppliers (G45),UK,2.5433807007756327e-06,illustrative
2 suppliers,Foreign income from Cypriot suppliers (G45),US,8.064377831727615e-07,illustrative
2 suppliers,Foreign income from Cypriot suppliers (G45),WORLD_UNALLOCATED,0.00010162943626844865,illustrative
2 suppliers,Foreign income from Cypriot suppliers (G45),ZA,6.203367562867397e-08,illustrative
2 suppliers,Foreign income from Cypriot suppliers (G46),AT,8.849555120006724e-07,illustrative
2 suppliers,Foreign income from Cypriot suppliers (G46),AU,2.528444320001922e-07,illustrative
2 suppliers,Foreign income from Cypriot suppliers (G46),BE,1.8963332400014408e-06,illustrative
2 suppliers,Foreign income from Cypriot suppliers (G46),BR,1.264222160000961e-07,illustrative
2 suppliers,Foreign income from Cypriot suppliers (G46),CA,2.528444320001922e-07,illustrative
2 suppliers,Foreign income from Cypriot suppliers (G46),CH,1.5170665920011526e-06,illustrative
2 suppliers,Foreign income from Cypriot suppliers (G46),CONFIDENTIAL_PARTNERS,0.0009597973962043589,illustrative
2 suppliers,Cyprus suppliers' value added (G46),CY,0.0593243277636648,illustrative
2 suppliers,Foreign income from Cypriot suppliers (G46),CZ,5.056888640003844e-07,illustrative
2 suppliers,Foreign income from Cypriot suppliers (G46),DE,0.0004012222614117319,illustrative
2 suppliers,Foreign income from Cypriot suppliers (G46),DK,7.897313411207967e-05,illustrative
2 suppliers,Foreign income from Cypriot suppliers (G46),EL,0.0007815454112816186,illustrative
2 suppliers,Foreign income from Cypriot suppliers (G46),ES,1.6434888080012488e-06,illustrative
2 suppliers,Foreign income from Cypriot suppliers (G46),FI,5.056888640003844e-07,illustrative
2 suppliers,Foreign income from Cypriot suppliers (G46),FR,1.0113777280007687e-06,illustrative
2 suppliers,Foreign income from Cypriot suppliers (G46),HU,1.264222160000961e-07,illustrative
2 suppliers,Foreign income from Cypriot suppliers (G46),IE,3.7926664800028815e-07,illustrative
2 suppliers,Foreign income from Cypriot suppliers (G46),IT,1.6434888080012488e-06,illustrative
2 suppliers,Foreign income from Cypriot suppliers (G46),JP,1.264222160000961e-07,illustrative
2 suppliers,Foreign income from Cypriot suppliers (G46),LV,1.264222160000961e-07,illustrative
2 suppliers,Foreign income from Cypriot suppliers (G46),NL,5.056888640003844e-07,illustrative
2 suppliers,Foreign income from Cypriot suppliers (G46),OFFSHO,0.00024503057215370487,illustrative
2 suppliers,Foreign income from Cypriot suppliers (G46),PT,2.528444320001922e-07,illustrative
2 suppliers,Foreign income from Cypriot suppliers (G46),RU,8.027787705747327e-05,illustrative
2 suppliers,Foreign income from Cypriot suppliers (G46),SE,2.528444320001922e-07,illustrative
2 suppliers,Foreign income from Cypriot suppliers (G46),SK,3.7926664800028815e-07,illustrative
2 suppliers,Foreign income from Cypriot suppliers (G46),UK,5.183310856003938e-06,illustrative
2 suppliers,Foreign income from Cypriot suppliers (G46),US,1.6434888080012488e-06,illustrative
2 suppliers,Foreign income from Cypriot suppliers (G46),WORLD_UNALLOCATED,0.0007655425010714694,illustrative
2 suppliers,Foreign income from Cypriot suppliers (G46),ZA,1.264222160000961e-07,illustrative
2 suppliers,Foreign income from Cypriot suppliers (G47),AT,4.5026266729413235e-07,illustrative
2 suppliers,Foreign income from Cypriot suppliers (G47),AU,1.2864647636975212e-07,illustrative
2 suppliers,Foreign income from Cypriot suppliers (G47),BE,9.648485727731408e-07,illustrative
2 suppliers,Foreign income from Cypriot suppliers (G47),BR,6.432323818487606e-08,illustrative
2 suppliers,Foreign income from Cypriot suppliers (G47),CA,1.2864647636975212e-07,illustrative
2 suppliers,Foreign income from Cypriot suppliers (G47),CH,7.718788582185125e-07,illustrative
2 suppliers,Foreign income from Cypriot suppliers (G47),CONFIDENTIAL_PARTNERS,0.00024889025014009926,illustrative
2 suppliers,Cyprus suppliers' value added (G47),CY,0.018911902808928942,illustrative
2 suppliers,Foreign income from Cypriot suppliers (G47),CZ,2.5729295273950424e-07,illustrative
2 suppliers,Foreign income from Cypriot suppliers (G47),DE,8.497852258410689e-05,illustrative
2 suppliers,Foreign income from Cypriot suppliers (G47),DK,1.674985316568873e-05,illustrative
2 suppliers,Foreign income from Cypriot suppliers (G47),EL,0.00018330577032681021,illustrative
2 suppliers,Foreign income from Cypriot suppliers (G47),ES,8.362020964033886e-07,illustrative
2 suppliers,Foreign income from Cypriot suppliers (G47),FI,2.5729295273950424e-07,illustrative
2 suppliers,Foreign income from Cypriot suppliers (G47),FR,5.145859054790085e-07,illustrative
2 suppliers,Foreign income from Cypriot suppliers (G47),HU,6.432323818487606e-08,illustrative
2 suppliers,Foreign income from Cypriot suppliers (G47),IE,1.9296971455462813e-07,illustrative
2 suppliers,Foreign income from Cypriot suppliers (G47),IT,8.362020964033886e-07,illustrative
2 suppliers,Foreign income from Cypriot suppliers (G47),JP,6.432323818487606e-08,illustrative
2 suppliers,Foreign income from Cypriot suppliers (G47),LV,6.432323818487606e-08,illustrative
2 suppliers,Foreign income from Cypriot suppliers (G47),NL,2.5729295273950424e-07,illustrative
2 suppliers,Foreign income from Cypriot suppliers (G47),OFFSHO,5.1736392250591926e-05,illustrative
2 suppliers,Foreign income from Cypriot suppliers (G47),PT,1.2864647636975212e-07,illustrative
2 suppliers,Foreign income from Cypriot suppliers (G47),RU,1.8906846120143386e-05,illustrative
2 suppliers,Foreign income from Cypriot suppliers (G47),SE,1.2864647636975212e-07,illustrative
2 suppliers,Foreign income from Cypriot suppliers (G47),SK,1.9296971455462813e-07,illustrative
2 suppliers,Foreign income from Cypriot suppliers (G47),UK,2.6372527655799184e-06,illustrative
2 suppliers,Foreign income from Cypriot suppliers (G47),US,8.362020964033886e-07,illustrative
2 suppliers,Foreign income from Cypriot suppliers (G47),WORLD_UNALLOCATED,0.00016163863460714645,illustrative
2 suppliers,Foreign income from Cypriot suppliers (G47),ZA,6.432323818487606e-08,illustrative
2 suppliers,Foreign income from Cypriot suppliers (H49),AT,5.609723463003748e-07,illustrative
2 suppliers,Foreign income from Cypriot suppliers (H49),AU,1.602778132286785e-07,illustrative
2 suppliers,Foreign income from Cypriot suppliers (H49),BE,1.2020835992150888e-06,illustrative
2 suppliers,Foreign income from Cypriot suppliers (H49),BR,8.013890661433925e-08,illustrative
2 suppliers,Foreign income from Cypriot suppliers (H49),CA,1.602778132286785e-07,illustrative
2 suppliers,Foreign income from Cypriot suppliers (H49),CH,9.61666879372071e-07,illustrative
2 suppliers,Foreign income from Cypriot suppliers (H49),CONFIDENTIAL_PARTNERS,9.846667455703865e-05,illustrative
2 suppliers,Cyprus suppliers' value added (H49),CY,0.02350413592209,illustrative
2 suppliers,Foreign income from Cypriot suppliers (H49),CZ,3.20555626457357e-07,illustrative
2 suppliers,Foreign income from Cypriot suppliers (H49),DE,5.609723463003748e-07,illustrative
2 suppliers,Foreign income from Cypriot suppliers (H49),DK,1.602778132286785e-07,illustrative
2 suppliers,Foreign income from Cypriot suppliers (H49),EL,3.8947508614568876e-05,illustrative
2 suppliers,Foreign income from Cypriot suppliers (H49),ES,1.0418057859864104e-06,illustrative
2 suppliers,Foreign income from Cypriot suppliers (H49),FI,3.20555626457357e-07,illustrative
2 suppliers,Foreign income from Cypriot suppliers (H49),FR,6.41111252914714e-07,illustrative
2 suppliers,Foreign income from Cypriot suppliers (H49),HU,8.013890661433925e-08,illustrative
2 suppliers,Foreign income from Cypriot suppliers (H49),IE,2.4041671984301773e-07,illustrative
2 suppliers,Foreign income from Cypriot suppliers (H49),IT,1.0418057859864104e-06,illustrative
2 suppliers,Foreign income from Cypriot suppliers (H49),JP,8.013890661433925e-08,illustrative
2 suppliers,Foreign income from Cypriot suppliers (H49),LV,8.013890661433925e-08,illustrative
2 suppliers,Foreign income from Cypriot suppliers (H49),NL,3.20555626457357e-07,illustrative
2 suppliers,Foreign income from Cypriot suppliers (H49),PT,1.602778132286785e-07,illustrative
2 suppliers,Foreign income from Cypriot suppliers (H49),RU,4.1672231439456414e-06,illustrative
2 suppliers,Foreign income from Cypriot suppliers (H49),SE,1.602778132286785e-07,illustrative
2 suppliers,Foreign income from Cypriot suppliers (H49),SK,2.4041671984301773e-07,illustrative
2 suppliers,Foreign income from Cypriot suppliers (H49),UK,3.2856951711879093e-06,illustrative
2 suppliers,Foreign income from Cypriot suppliers (H49),US,1.0418057859864104e-06,illustrative
2 suppliers,Foreign income from Cypriot suppliers (H49),WORLD_UNALLOCATED,9.538963630434594e-05,illustrative
2 suppliers,Foreign income from Cypriot suppliers (H49),ZA,8.013890661433925e-08,illustrative
2 suppliers,Foreign income from Cypriot suppliers (H50),AT,2.3223707475965385e-10,illustrative
2 suppliers,Foreign income from Cypriot suppliers (H50),AU,6.635344993132967e-11,illustrative
2 suppliers,Foreign income from Cypriot suppliers (H50),BE,4.976508744849724e-10,illustrative
2 suppliers,Foreign income from Cypriot suppliers (H50),BR,3.3176724965664836e-11,illustrative
2 suppliers,Foreign income from Cypriot suppliers (H50),CA,6.635344993132967e-11,illustrative
2 suppliers,Foreign income from Cypriot suppliers (H50),CH,3.9812069958797806e-10,illustrative
2 suppliers,Foreign income from Cypriot suppliers (H50),CONFIDENTIAL_PARTNERS,4.076424196531239e-08,illustrative
2 suppliers,Cyprus suppliers' value added (H50),CY,0.0005085836130981611,illustrative
2 suppliers,Foreign income from Cypriot suppliers (H50),CZ,1.3270689986265935e-10,illustrative
2 suppliers,Foreign income from Cypriot suppliers (H50),DE,2.3223707475965385e-10,illustrative
2 suppliers,Foreign income from Cypriot suppliers (H50),DK,6.635344993132967e-11,illustrative
2 suppliers,Foreign income from Cypriot suppliers (H50),EL,1.6123888333313113e-08,illustrative
2 suppliers,Foreign income from Cypriot suppliers (H50),ES,4.312974245536428e-10,illustrative
2 suppliers,Foreign income from Cypriot suppliers (H50),FI,1.3270689986265935e-10,illustrative
2 suppliers,Foreign income from Cypriot suppliers (H50),FR,2.654137997253187e-10,illustrative
2 suppliers,Foreign income from Cypriot suppliers (H50),HU,3.3176724965664836e-11,illustrative
2 suppliers,Foreign income from Cypriot suppliers (H50),IE,9.953017489699452e-11,illustrative
2 suppliers,Foreign income from Cypriot suppliers (H50),IT,4.312974245536428e-10,illustrative
2 suppliers,Foreign income from Cypriot suppliers (H50),JP,3.3176724965664836e-11,illustrative
2 suppliers,Foreign income from Cypriot suppliers (H50),LV,3.3176724965664836e-11,illustrative
2 suppliers,Foreign income from Cypriot suppliers (H50),NL,1.3270689986265935e-10,illustrative
2 suppliers,Foreign income from Cypriot suppliers (H50),PT,6.635344993132967e-11,illustrative
2 suppliers,Foreign income from Cypriot suppliers (H50),RU,1.7251896982145712e-09,illustrative
2 suppliers,Foreign income from Cypriot suppliers (H50),SE,6.635344993132967e-11,illustrative
2 suppliers,Foreign income from Cypriot suppliers (H50),SK,9.953017489699452e-11,illustrative
2 suppliers,Foreign income from Cypriot suppliers (H50),UK,1.3602457235922581e-09,illustrative
2 suppliers,Foreign income from Cypriot suppliers (H50),US,4.312974245536428e-10,illustrative
2 suppliers,Foreign income from Cypriot suppliers (H50),WORLD_UNALLOCATED,4.463467305686873e-06,illustrative
2 suppliers,Foreign income from Cypriot suppliers (H50),ZA,3.3176724965664836e-11,illustrative
2 suppliers,Foreign income from Cypriot suppliers (H51),AT,1.712528510327157e-08,illustrative
2 suppliers,Foreign income from Cypriot suppliers (H51),AU,4.892938600934735e-09,illustrative
2 suppliers,Foreign income from Cypriot suppliers (H51),BE,3.6697039507010507e-08,illustrative
2 suppliers,Foreign income from Cypriot suppliers (H51),BR,2.4464693004673673e-09,illustrative
2 suppliers,Foreign income from Cypriot suppliers (H51),CA,4.892938600934735e-09,illustrative
2 suppliers,Foreign income from Cypriot suppliers (H51),CH,2.9357631605608406e-08,illustrative
2 suppliers,Foreign income from Cypriot suppliers (H51),CONFIDENTIAL_PARTNERS,3.0059768294842545e-06,illustrative
2 suppliers,Cyprus suppliers' value added (H51),CY,-0.0004484059383866225,illustrative
2 suppliers,Foreign income from Cypriot suppliers (H51),CZ,9.78587720186947e-09,illustrative
2 suppliers,Foreign income from Cypriot suppliers (H51),DE,1.712528510327157e-08,illustrative
2 suppliers,Foreign income from Cypriot suppliers (H51),DK,4.892938600934735e-09,illustrative
2 suppliers,Foreign income from Cypriot suppliers (H51),EL,1.1889840800271404e-06,illustrative
2 suppliers,Foreign income from Cypriot suppliers (H51),ES,3.180410090607577e-08,illustrative
2 suppliers,Foreign income from Cypriot suppliers (H51),FI,9.78587720186947e-09,illustrative
2 suppliers,Foreign income from Cypriot suppliers (H51),FR,1.957175440373894e-08,illustrative
2 suppliers,Foreign income from Cypriot suppliers (H51),HU,2.4464693004673673e-09,illustrative
2 suppliers,Foreign income from Cypriot suppliers (H51),IE,7.3394079014021015e-09,illustrative
2 suppliers,Foreign income from Cypriot suppliers (H51),IT,3.180410090607577e-08,illustrative
2 suppliers,Foreign income from Cypriot suppliers (H51),JP,2.4464693004673673e-09,illustrative
2 suppliers,Foreign income from Cypriot suppliers (H51),LV,2.4464693004673673e-09,illustrative
2 suppliers,Foreign income from Cypriot suppliers (H51),NL,9.78587720186947e-09,illustrative
2 suppliers,Foreign income from Cypriot suppliers (H51),PT,4.892938600934735e-09,illustrative
2 suppliers,Foreign income from Cypriot suppliers (H51),RU,1.272164036243031e-07,illustrative
2 suppliers,Foreign income from Cypriot suppliers (H51),SE,4.892938600934735e-09,illustrative
2 suppliers,Foreign income from Cypriot suppliers (H51),SK,7.3394079014021015e-09,illustrative
2 suppliers,Foreign income from Cypriot suppliers (H51),UK,1.0030524131916204e-07,illustrative
2 suppliers,Foreign income from Cypriot suppliers (H51),US,3.180410090607577e-08,illustrative
2 suppliers,Foreign income from Cypriot suppliers (H51),ZA,2.4464693004673673e-09,illustrative
2 suppliers,Foreign income from Cypriot suppliers (H52),AT,1.0639156423084237e-08,illustrative
2 suppliers,Foreign income from Cypriot suppliers (H52),AU,3.039758978024068e-09,illustrative
2 suppliers,Foreign income from Cypriot suppliers (H52),BE,2.2798192335180508e-08,illustrative
2 suppliers,Foreign income from Cypriot suppliers (H52),BR,1.519879489012034e-09,illustrative
2 suppliers,Foreign income from Cypriot suppliers (H52),CA,3.039758978024068e-09,illustrative
2 suppliers,Foreign income from Cypriot suppliers (H52),CH,1.8238553868144405e-08,illustrative
2 suppliers,Foreign income from Cypriot suppliers (H52),CONFIDENTIAL_PARTNERS,5.577432595611024e-06,illustrative
2 suppliers,Cyprus suppliers' value added (H52),CY,0.0004693647549609941,illustrative
2 suppliers,Foreign income from Cypriot suppliers (H52),CZ,6.079517956048136e-09,illustrative
2 suppliers,Foreign income from Cypriot suppliers (H52),DE,8.440768145896681e-06,illustrative
2 suppliers,Foreign income from Cypriot suppliers (H52),DK,3.6607581450830724e-07,illustrative
2 suppliers,Foreign income from Cypriot suppliers (H52),EL,7.386614316598485e-07,illustrative
2 suppliers,Foreign income from Cypriot suppliers (H52),ES,1.9758433357156435e-08,illustrative
2 suppliers,Foreign income from Cypriot suppliers (H52),FI,6.079517956048136e-09,illustrative
2 suppliers,Foreign income from Cypriot suppliers (H52),FR,1.2159035912096272e-08,illustrative
2 suppliers,Foreign income from Cypriot suppliers (H52),HU,1.519879489012034e-09,illustrative
2 suppliers,Foreign income from Cypriot suppliers (H52),IE,4.559638467036101e-09,illustrative
2 suppliers,Foreign income from Cypriot suppliers (H52),IT,1.9758433357156435e-08,illustrative
2 suppliers,Foreign income from Cypriot suppliers (H52),JP,1.519879489012034e-09,illustrative
2 suppliers,Foreign income from Cypriot suppliers (H52),LV,1.519879489012034e-09,illustrative
2 suppliers,Foreign income from Cypriot suppliers (H52),NL,6.079517956048136e-09,illustrative
2 suppliers,Foreign income from Cypriot suppliers (H52),OFFSHO,1.5697628277697665e-06,illustrative
2 suppliers,Foreign income from Cypriot suppliers (H52),PT,3.039758978024068e-09,illustrative
2 suppliers,Foreign income from Cypriot suppliers (H52),RU,4.1893569727267e-07,illustrative
2 suppliers,Foreign income from Cypriot suppliers (H52),SE,3.039758978024068e-09,illustrative
2 suppliers,Foreign income from Cypriot suppliers (H52),SK,4.559638467036101e-09,illustrative
2 suppliers,Foreign income from Cypriot suppliers (H52),UK,6.231505904949338e-08,illustrative
2 suppliers,Foreign income from Cypriot suppliers (H52),US,1.9758433357156435e-08,illustrative
2 suppliers,Foreign income from Cypriot suppliers (H52),WORLD_UNALLOCATED,4.479822345644957e-06,illustrative
2 suppliers,Foreign income from Cypriot suppliers (H52),ZA,1.519879489012034e-09,illustrative
2 suppliers,Foreign income from Cypriot suppliers (H53),AT,5.022380210949871e-07,illustrative
2 suppliers,Foreign income from Cypriot suppliers (H53),AU,1.4349657745571064e-07,illustrative
2 suppliers,Foreign income from Cypriot suppliers (H53),BE,1.0762243309178298e-06,illustrative
2 suppliers,Foreign income from Cypriot suppliers (H53),BR,7.174828872785532e-08,illustrative
2 suppliers,Foreign income from Cypriot suppliers (H53),CA,1.4349657745571064e-07,illustrative
2 suppliers,Foreign income from Cypriot suppliers (H53),CH,8.609794647342637e-07,illustrative
2 suppliers,Foreign income from Cypriot suppliers (H53),CONFIDENTIAL_PARTNERS,0.00012131962824347398,illustrative
2 suppliers,Cyprus suppliers' value added (H53),CY,0.013595934675239816,illustrative
2 suppliers,Foreign income from Cypriot suppliers (H53),CZ,2.869931549114213e-07,illustrative
2 suppliers,Foreign income from Cypriot suppliers (H53),DE,7.585735056579977e-05,illustrative
2 suppliers,Foreign income from Cypriot suppliers (H53),DK,3.3885979105941986e-06,illustrative
2 suppliers,Foreign income from Cypriot suppliers (H53),EL,3.486966832173769e-05,illustrative
2 suppliers,Foreign income from Cypriot suppliers (H53),ES,9.327277534621189e-07,illustrative
2 suppliers,Foreign income from Cypriot suppliers (H53),FI,2.869931549114213e-07,illustrative
2 suppliers,Foreign income from Cypriot suppliers (H53),FR,5.739863098228426e-07,illustrative
2 suppliers,Foreign income from Cypriot suppliers (H53),HU,7.174828872785532e-08,illustrative
2 suppliers,Foreign income from Cypriot suppliers (H53),IE,2.1524486618356592e-07,illustrative
2 suppliers,Foreign income from Cypriot suppliers (H53),IT,9.327277534621189e-07,illustrative
2 suppliers,Foreign income from Cypriot suppliers (H53),JP,7.174828872785532e-08,illustrative
2 suppliers,Foreign income from Cypriot suppliers (H53),LV,7.174828872785532e-08,illustrative
2 suppliers,Foreign income from Cypriot suppliers (H53),NL,2.869931549114213e-07,illustrative
2 suppliers,Foreign income from Cypriot suppliers (H53),OFFSHO,1.4031772788149373e-05,illustrative
2 suppliers,Foreign income from Cypriot suppliers (H53),PT,1.4349657745571064e-07,illustrative
2 suppliers,Foreign income from Cypriot suppliers (H53),RU,6.769221669784655e-06,illustrative
2 suppliers,Foreign income from Cypriot suppliers (H53),SE,1.4349657745571064e-07,illustrative
2 suppliers,Foreign income from Cypriot suppliers (H53),SK,2.1524486618356592e-07,illustrative
2 suppliers,Foreign income from Cypriot suppliers (H53),UK,2.941679837842068e-06,illustrative
2 suppliers,Foreign income from Cypriot suppliers (H53),US,9.327277534621189e-07,illustrative
2 suppliers,Foreign income from Cypriot suppliers (H53),WORLD_UNALLOCATED,4.004416984104041e-05,illustrative
2 suppliers,Foreign income from Cypriot suppliers (H53),ZA,7.174828872785532e-08,illustrative
2 suppliers,Foreign income from Cypriot suppliers (I),AT,5.426079430030441e-07,illustrative
2 suppliers,Foreign income from Cypriot suppliers (I),AU,1.5503084085801262e-07,illustrative
2 suppliers,Foreign income from Cypriot suppliers (I),BE,1.1627313064350947e-06,illustrative
2 suppliers,Foreign income from Cypriot suppliers (I),BR,7.751542042900631e-08,illustrative
2 suppliers,Foreign income from Cypriot suppliers (I),CA,1.5503084085801262e-07,illustrative
2 suppliers,Foreign income from Cypriot suppliers (I),CH,9.301850451480757e-07,illustrative
2 suppliers,Foreign income from Cypriot suppliers (I),CONFIDENTIAL_PARTNERS,0.000621172508660748,illustrative
2 suppliers,Cyprus suppliers' value added (I),CY,0.02407555281514237,illustrative
2 suppliers,Foreign income from Cypriot suppliers (I),CZ,3.1006168171602524e-07,illustrative
2 suppliers,Foreign income from Cypriot suppliers (I),DE,5.426079430030441e-07,illustrative
2 suppliers,Foreign income from Cypriot suppliers (I),DK,1.5503084085801262e-07,illustrative
2 suppliers,Foreign income from Cypriot suppliers (I),EL,3.767249432849707e-05,illustrative
2 suppliers,Foreign income from Cypriot suppliers (I),ES,1.0077004655770818e-06,illustrative
2 suppliers,Foreign income from Cypriot suppliers (I),FI,3.1006168171602524e-07,illustrative
2 suppliers,Foreign income from Cypriot suppliers (I),FR,6.201233634320505e-07,illustrative
2 suppliers,Foreign income from Cypriot suppliers (I),HU,7.751542042900631e-08,illustrative
2 suppliers,Foreign income from Cypriot suppliers (I),IE,2.3254626128701893e-07,illustrative
2 suppliers,Foreign income from Cypriot suppliers (I),IT,1.0077004655770818e-06,illustrative
2 suppliers,Foreign income from Cypriot suppliers (I),JP,7.751542042900631e-08,illustrative
2 suppliers,Foreign income from Cypriot suppliers (I),LV,7.751542042900631e-08,illustrative
2 suppliers,Foreign income from Cypriot suppliers (I),NL,3.1006168171602524e-07,illustrative
2 suppliers,Foreign income from Cypriot suppliers (I),OFFSHO,3.2192565417395276e-07,illustrative
2 suppliers,Foreign income from Cypriot suppliers (I),PT,1.5503084085801262e-07,illustrative
2 suppliers,Foreign income from Cypriot suppliers (I),RU,4.030801862308327e-06,illustrative
2 suppliers,Foreign income from Cypriot suppliers (I),SE,1.5503084085801262e-07,illustrative
2 suppliers,Foreign income from Cypriot suppliers (I),SK,2.3254626128701893e-07,illustrative
2 suppliers,Foreign income from Cypriot suppliers (I),UK,3.1781322375892584e-06,illustrative
2 suppliers,Foreign income from Cypriot suppliers (I),US,1.0077004655770818e-06,illustrative
2 suppliers,Foreign income from Cypriot suppliers (I),WORLD_UNALLOCATED,0.0001986016743291949,illustrative
2 suppliers,Foreign income from Cypriot suppliers (I),ZA,7.751542042900631e-08,illustrative
2 suppliers,Foreign income from Cypriot suppliers (J58),AT,4.0056276665723956e-07,illustrative
2 suppliers,Foreign income from Cypriot suppliers (J58),AU,1.144465047592113e-07,illustrative
2 suppliers,Foreign income from Cypriot suppliers (J58),BE,8.583487856940847e-07,illustrative
2 suppliers,Foreign income from Cypriot suppliers (J58),BR,5.722325237960565e-08,illustrative
2 suppliers,Foreign income from Cypriot suppliers (J58),CA,1.144465047592113e-07,illustrative
2 suppliers,Foreign income from Cypriot suppliers (J58),CH,6.866790285552678e-07,illustrative
2 suppliers,Foreign income from Cypriot suppliers (J58),CONFIDENTIAL_PARTNERS,0.007246925250251462,illustrative
2 suppliers,Cyprus suppliers' value added (J58),CY,0.043095684931574396,illustrative
2 suppliers,Foreign income from Cypriot suppliers (J58),CZ,2.288930095184226e-07,illustrative
2 suppliers,Foreign income from Cypriot suppliers (J58),DE,8.82317291659017e-07,illustrative
2 suppliers,Foreign income from Cypriot suppliers (J58),DK,1.144465047592113e-07,illustrative
2 suppliers,Foreign income from Cypriot suppliers (J58),EL,2.7810500656488346e-05,illustrative
2 suppliers,Foreign income from Cypriot suppliers (J58),ES,7.439022809348733e-07,illustrative
2 suppliers,Foreign income from Cypriot suppliers (J58),FI,2.288930095184226e-07,illustrative
2 suppliers,Foreign income from Cypriot suppliers (J58),FR,4.577860190368452e-07,illustrative
2 suppliers,Foreign income from Cypriot suppliers (J58),HU,5.722325237960565e-08,illustrative
2 suppliers,Foreign income from Cypriot suppliers (J58),IE,1.7166975713881694e-07,illustrative
2 suppliers,Foreign income from Cypriot suppliers (J58),IT,7.439022809348733e-07,illustrative
2 suppliers,Foreign income from Cypriot suppliers (J58),JP,5.722325237960565e-08,illustrative
2 suppliers,Foreign income from Cypriot suppliers (J58),LV,5.722325237960565e-08,illustrative
2 suppliers,Foreign income from Cypriot suppliers (J58),NL,2.288930095184226e-07,illustrative
2 suppliers,Foreign income from Cypriot suppliers (J58),OFFSHO,0.0030365808899850432,illustrative
2 suppliers,Foreign income from Cypriot suppliers (J58),PT,1.144465047592113e-07,illustrative
2 suppliers,Foreign income from Cypriot suppliers (J58),RU,2.9756091237394933e-06,illustrative
2 suppliers,Foreign income from Cypriot suppliers (J58),SE,1.144465047592113e-07,illustrative
2 suppliers,Foreign income from Cypriot suppliers (J58),SK,1.7166975713881694e-07,illustrative
2 suppliers,Foreign income from Cypriot suppliers (J58),UK,2.3461533475638312e-06,illustrative
2 suppliers,Foreign income from Cypriot suppliers (J58),US,7.439022809348733e-07,illustrative
2 suppliers,Foreign income from Cypriot suppliers (J58),WORLD_UNALLOCATED,0.0019758299039306093,illustrative
2 suppliers,Foreign income from Cypriot suppliers (J58),ZA,5.722325237960565e-08,illustrative
2 suppliers,Foreign income from Cypriot suppliers (J59-60),AT,5.370537906065593e-08,illustrative
2 suppliers,Foreign income from Cypriot suppliers (J59-60),AU,1.5344394017330266e-08,illustrative
2 suppliers,Foreign income from Cypriot suppliers (J59-60),BE,1.1508295512997698e-07,illustrative
2 suppliers,Foreign income from Cypriot suppliers (J59-60),BR,7.672197008665133e-09,illustrative
2 suppliers,Foreign income from Cypriot suppliers (J59-60),CA,1.5344394017330266e-08,illustrative
2 suppliers,Foreign income from Cypriot suppliers (J59-60),CH,9.20663641039816e-08,illustrative
2 suppliers,Foreign income from Cypriot suppliers (J59-60),CONFIDENTIAL_PARTNERS,6.581181623376733e-05,illustrative
2 suppliers,Cyprus suppliers' value added (J59-60),CY,0.0014185454333121557,illustrative
2 suppliers,Foreign income from Cypriot suppliers (J59-60),CZ,3.068878803466053e-08,illustrative
2 suppliers,Foreign income from Cypriot suppliers (J59-60),DE,5.749041181612509e-08,illustrative
2 suppliers,Foreign income from Cypriot suppliers (J59-60),DK,1.5344394017330266e-08,illustrative
2 suppliers,Foreign income from Cypriot suppliers (J59-60),EL,3.728687746211255e-06,illustrative
2 suppliers,Foreign income from Cypriot suppliers (J59-60),ES,9.97385611126467e-08,illustrative
2 suppliers,Foreign income from Cypriot suppliers (J59-60),FI,3.068878803466053e-08,illustrative
2 suppliers,Foreign income from Cypriot suppliers (J59-60),FR,6.137757606932106e-08,illustrative
2 suppliers,Foreign income from Cypriot suppliers (J59-60),HU,7.672197008665133e-09,illustrative
2 suppliers,Foreign income from Cypriot suppliers (J59-60),IE,2.30165910259954e-08,illustrative
2 suppliers,Foreign income from Cypriot suppliers (J59-60),IT,9.97385611126467e-08,illustrative
2 suppliers,Foreign income from Cypriot suppliers (J59-60),JP,7.672197008665133e-09,illustrative
2 suppliers,Foreign income from Cypriot suppliers (J59-60),LV,7.672197008665133e-09,illustrative
2 suppliers,Foreign income from Cypriot suppliers (J59-60),NL,3.068878803466053e-08,illustrative
2 suppliers,Foreign income from Cypriot suppliers (J59-60),OFFSHO,2.3857706646725668e-05,illustrative
2 suppliers,Foreign income from Cypriot suppliers (J59-60),PT,1.5344394017330266e-08,illustrative
2 suppliers,Foreign income from Cypriot suppliers (J59-60),RU,3.989542444505868e-07,illustrative
2 suppliers,Foreign income from Cypriot suppliers (J59-60),SE,1.5344394017330266e-08,illustrative
2 suppliers,Foreign income from Cypriot suppliers (J59-60),SK,2.30165910259954e-08,illustrative
2 suppliers,Foreign income from Cypriot suppliers (J59-60),UK,3.145600773552704e-07,illustrative
2 suppliers,Foreign income from Cypriot suppliers (J59-60),US,9.97385611126467e-08,illustrative
2 suppliers,Foreign income from Cypriot suppliers (J59-60),WORLD_UNALLOCATED,1.4124488469445967e-05,illustrative
2 suppliers,Foreign income from Cypriot suppliers (J59-60),ZA,7.672197008665133e-09,illustrative
2 suppliers,Foreign income from Cypriot suppliers (J61),AT,6.00250360509911e-06,illustrative
2 suppliers,Foreign income from Cypriot suppliers (J61),AU,1.7150010300283174e-06,illustrative
2 suppliers,Foreign income from Cypriot suppliers (J61),BE,1.2862507725212377e-05,illustrative
2 suppliers,Foreign income from Cypriot suppliers (J61),BR,8.575005150141587e-07,illustrative
2 suppliers,Foreign income from Cypriot suppliers (J61),CA,1.7150010300283174e-06,illustrative
2 suppliers,Foreign income from Cypriot suppliers (J61),CH,1.0290006180169903e-05,illustrative
2 suppliers,Foreign income from Cypriot suppliers (J61),CONFIDENTIAL_PARTNERS,0.020280897917810414,illustrative
2 suppliers,Cyprus suppliers' value added (J61),CY,0.18541063791950194,illustrative
2 suppliers,Foreign income from Cypriot suppliers (J61),CZ,3.4300020600566348e-06,illustrative
2 suppliers,Foreign income from Cypriot suppliers (J61),DE,7.293200191293225e-06,illustrative
2 suppliers,Foreign income from Cypriot suppliers (J61),DK,1.7150010300283174e-06,illustrative
2 suppliers,Foreign income from Cypriot suppliers (J61),EL,0.0004167452502968811,illustrative
2 suppliers,Foreign income from Cypriot suppliers (J61),ES,1.114750669518406e-05,illustrative
2 suppliers,Foreign income from Cypriot suppliers (J61),FI,3.4300020600566348e-06,illustrative
2 suppliers,Foreign income from Cypriot suppliers (J61),FR,6.8600041201132696e-06,illustrative
2 suppliers,Foreign income from Cypriot suppliers (J61),HU,8.575005150141587e-07,illustrative
2 suppliers,Foreign income from Cypriot suppliers (J61),IE,2.5725015450424757e-06,illustrative
2 suppliers,Foreign income from Cypriot suppliers (J61),IT,1.114750669518406e-05,illustrative
2 suppliers,Foreign income from Cypriot suppliers (J61),JP,8.575005150141587e-07,illustrative
2 suppliers,Foreign income from Cypriot suppliers (J61),LV,8.575005150141587e-07,illustrative
2 suppliers,Foreign income from Cypriot suppliers (J61),NL,3.4300020600566348e-06,illustrative
2 suppliers,Foreign income from Cypriot suppliers (J61),OFFSHO,0.008135480592302739,illustrative
2 suppliers,Foreign income from Cypriot suppliers (J61),PT,1.7150010300283174e-06,illustrative
2 suppliers,Foreign income from Cypriot suppliers (J61),RU,4.459002678073624e-05,illustrative
2 suppliers,Foreign income from Cypriot suppliers (J61),SE,1.7150010300283174e-06,illustrative
2 suppliers,Foreign income from Cypriot suppliers (J61),SK,2.5725015450424757e-06,illustrative
2 suppliers,Foreign income from Cypriot suppliers (J61),UK,3.51575211155805e-05,illustrative
2 suppliers,Foreign income from Cypriot suppliers (J61),US,1.114750669518406e-05,illustrative
2 suppliers,Foreign income from Cypriot suppliers (J61),WORLD_UNALLOCATED,0.004816452122616411,illustrative
2 suppliers,Foreign income from Cypriot suppliers (J61),ZA,8.575005150141587e-07,illustrative
2 suppliers,Foreign income from Cypriot suppliers (J62-63),AT,1.1056487397373365e-05,illustrative
2 suppliers,Foreign income from Cypriot suppliers (J62-63),AU,3.1589963992495337e-06,illustrative
2 suppliers,Foreign income from Cypriot suppliers (J62-63),BE,2.3692472994371497e-05,illustrative
2 suppliers,Foreign income from Cypriot suppliers (J62-63),BR,1.5794981996247669e-06,illustrative
2 suppliers,Foreign income from Cypriot suppliers (J62-63),CA,3.1589963992495337e-06,illustrative
2 suppliers,Foreign income from Cypriot suppliers (J62-63),CH,1.89539783954972e-05,illustrative
2 suppliers,Foreign income from Cypriot suppliers (J62-63),CONFIDENTIAL_PARTNERS,0.05260293478849535,illustrative
2 suppliers,Cyprus suppliers' value added (J62-63),CY,0.4797166188110058,illustrative
2 suppliers,Foreign income from Cypriot suppliers (J62-63),CZ,6.317992798499067e-06,illustrative
2 suppliers,Foreign income from Cypriot suppliers (J62-63),DE,1.4457359053163016e-05,illustrative
2 suppliers,Foreign income from Cypriot suppliers (J62-63),DK,3.1589963992495337e-06,illustrative
2 suppliers,Foreign income from Cypriot suppliers (J62-63),EL,0.0007676361250176367,illustrative
2 suppliers,Foreign income from Cypriot suppliers (J62-63),ES,2.0533476595121964e-05,illustrative
2 suppliers,Foreign income from Cypriot suppliers (J62-63),FI,6.317992798499067e-06,illustrative
2 suppliers,Foreign income from Cypriot suppliers (J62-63),FR,1.2635985596998135e-05,illustrative
2 suppliers,Foreign income from Cypriot suppliers (J62-63),HU,1.5794981996247669e-06,illustrative
2 suppliers,Foreign income from Cypriot suppliers (J62-63),IE,4.7384945988743e-06,illustrative
2 suppliers,Foreign income from Cypriot suppliers (J62-63),IT,2.0533476595121964e-05,illustrative
2 suppliers,Foreign income from Cypriot suppliers (J62-63),JP,1.5794981996247669e-06,illustrative
2 suppliers,Foreign income from Cypriot suppliers (J62-63),LV,1.5794981996247669e-06,illustrative
2 suppliers,Foreign income from Cypriot suppliers (J62-63),NL,6.317992798499067e-06,illustrative
2 suppliers,Foreign income from Cypriot suppliers (J62-63),OFFSHO,0.021436273752124143,illustrative
2 suppliers,Foreign income from Cypriot suppliers (J62-63),PT,3.1589963992495337e-06,illustrative
2 suppliers,Foreign income from Cypriot suppliers (J62-63),RU,8.213390638048786e-05,illustrative
2 suppliers,Foreign income from Cypriot suppliers (J62-63),SE,3.1589963992495337e-06,illustrative
2 suppliers,Foreign income from Cypriot suppliers (J62-63),SK,4.7384945988743e-06,illustrative
2 suppliers,Foreign income from Cypriot suppliers (J62-63),UK,6.475942618461542e-05,illustrative
2 suppliers,Foreign income from Cypriot suppliers (J62-63),US,2.0533476595121964e-05,illustrative
2 suppliers,Foreign income from Cypriot suppliers (J62-63),WORLD_UNALLOCATED,0.013796602045150206,illustrative
2 suppliers,Foreign income from Cypriot suppliers (J62-63),ZA,1.5794981996247669e-06,illustrative
2 suppliers,Foreign income from Cypriot suppliers (K64),AT,5.808028082659634e-07,illustrative
2 suppliers,Foreign income from Cypriot suppliers (K64),AU,7.326134188267708e-05,illustrative
2 suppliers,Foreign income from Cypriot suppliers (K64),BE,1.2445774462842071e-06,illustrative
2 suppliers,Foreign income from Cypriot suppliers (K64),BR,8.297182975228049e-08,illustrative
2 suppliers,Foreign income from Cypriot suppliers (K64),CA,1.6594365950456098e-07,illustrative
2 suppliers,Foreign income from Cypriot suppliers (K64),CH,9.95661957027366e-07,illustrative
2 suppliers,Foreign income from Cypriot suppliers (K64),CONFIDENTIAL_PARTNERS,0.0027840589132865795,illustrative
2 suppliers,Cyprus suppliers' value added (K64),CY,0.01821970753695429,illustrative
2 suppliers,Foreign income from Cypriot suppliers (K64),CZ,3.3188731900912197e-07,illustrative
2 suppliers,Foreign income from Cypriot suppliers (K64),DE,5.808028082659634e-07,illustrative
2 suppliers,Foreign income from Cypriot suppliers (K64),DK,1.6594365950456098e-07,illustrative
2 suppliers,Foreign income from Cypriot suppliers (K64),EL,0.0012744961411010503,illustrative
2 suppliers,Foreign income from Cypriot suppliers (K64),ES,1.0786337867796463e-06,illustrative
2 suppliers,Foreign income from Cypriot suppliers (K64),FI,3.3188731900912197e-07,illustrative
2 suppliers,Foreign income from Cypriot suppliers (K64),FR,6.637746380182439e-07,illustrative
2 suppliers,Foreign income from Cypriot suppliers (K64),HU,8.297182975228049e-08,illustrative
2 suppliers,Foreign income from Cypriot suppliers (K64),IE,2.489154892568415e-07,illustrative
2 suppliers,Foreign income from Cypriot suppliers (K64),IT,1.0786337867796463e-06,illustrative
2 suppliers,Foreign income from Cypriot suppliers (K64),JP,8.297182975228049e-08,illustrative
2 suppliers,Foreign income from Cypriot suppliers (K64),LV,8.297182975228049e-08,illustrative
2 suppliers,Foreign income from Cypriot suppliers (K64),NL,3.3188731900912197e-07,illustrative
2 suppliers,Foreign income from Cypriot suppliers (K64),OFFSHO,0.0011348592972816095,illustrative
2 suppliers,Foreign income from Cypriot suppliers (K64),PT,1.6594365950456098e-07,illustrative
2 suppliers,Foreign income from Cypriot suppliers (K64),RU,0.00025004649988011974,illustrative
2 suppliers,Foreign income from Cypriot suppliers (K64),SE,1.6594365950456098e-07,illustrative
2 suppliers,Foreign income from Cypriot suppliers (K64),SK,2.489154892568415e-07,illustrative
2 suppliers,Foreign income from Cypriot suppliers (K64),UK,3.4018450198434997e-06,illustrative
2 suppliers,Foreign income from Cypriot suppliers (K64),US,1.0786337867796463e-06,illustrative
2 suppliers,Foreign income from Cypriot suppliers (K64),ZA,8.297182975228049e-08,illustrative
2 suppliers,Foreign income from Cypriot suppliers (K65),AT,4.7426701717497084e-08,illustrative
2 suppliers,Foreign income from Cypriot suppliers (K65),AU,5.986770219129313e-06,illustrative
2 suppliers,Foreign income from Cypriot suppliers (K65),BE,1.0162864653749376e-07,illustrative
2 suppliers,Foreign income from Cypriot suppliers (K65),BR,6.7752431024995835e-09,illustrative
2 suppliers,Foreign income from Cypriot suppliers (K65),CA,1.3550486204999167e-08,illustrative
2 suppliers,Foreign income from Cypriot suppliers (K65),CH,8.1302917229995e-08,illustrative
2 suppliers,Foreign income from Cypriot suppliers (K65),CONFIDENTIAL_PARTNERS,0.00022750188894863813,illustrative
2 suppliers,Cyprus suppliers' value added (K65),CY,0.001665487187054207,illustrative
2 suppliers,Foreign income from Cypriot suppliers (K65),CZ,2.7100972409998334e-08,illustrative
2 suppliers,Foreign income from Cypriot suppliers (K65),DE,4.7426701717497084e-08,illustrative
2 suppliers,Foreign income from Cypriot suppliers (K65),DK,1.3550486204999167e-08,illustrative
2 suppliers,Foreign income from Cypriot suppliers (K65),EL,0.00010414699042411676,illustrative
2 suppliers,Foreign income from Cypriot suppliers (K65),ES,8.807816033249457e-08,illustrative
2 suppliers,Foreign income from Cypriot suppliers (K65),FI,2.7100972409998334e-08,illustrative
2 suppliers,Foreign income from Cypriot suppliers (K65),FR,5.420194481999667e-08,illustrative
2 suppliers,Foreign income from Cypriot suppliers (K65),HU,6.7752431024995835e-09,illustrative
2 suppliers,Foreign income from Cypriot suppliers (K65),IE,2.032572930749875e-08,illustrative
2 suppliers,Foreign income from Cypriot suppliers (K65),IT,8.807816033249457e-08,illustrative
2 suppliers,Foreign income from Cypriot suppliers (K65),JP,6.7752431024995835e-09,illustrative
2 suppliers,Foreign income from Cypriot suppliers (K65),LV,6.7752431024995835e-09,illustrative
2 suppliers,Foreign income from Cypriot suppliers (K65),NL,2.7100972409998334e-08,illustrative
2 suppliers,Foreign income from Cypriot suppliers (K65),OFFSHO,9.273858701635944e-05,illustrative
2 suppliers,Foreign income from Cypriot suppliers (K65),PT,1.3550486204999167e-08,illustrative
2 suppliers,Foreign income from Cypriot suppliers (K65),RU,2.0433070889228853e-05,illustrative
2 suppliers,Foreign income from Cypriot suppliers (K65),SE,1.3550486204999167e-08,illustrative
2 suppliers,Foreign income from Cypriot suppliers (K65),SK,2.032572930749875e-08,illustrative
2 suppliers,Foreign income from Cypriot suppliers (K65),UK,2.7778496720248286e-07,illustrative
2 suppliers,Foreign income from Cypriot suppliers (K65),US,8.807816033249457e-08,illustrative
2 suppliers,Foreign income from Cypriot suppliers (K65),ZA,6.7752431024995835e-09,illustrative
2 suppliers,Foreign income from Cypriot suppliers (K66),AT,1.2995877495715866e-09,illustrative
2 suppliers,Foreign income from Cypriot suppliers (K66),AU,1.8753646985501374e-07,illustrative
2 suppliers,Foreign income from Cypriot suppliers (K66),BE,2.7848308919391134e-09,illustrative
2 suppliers,Foreign income from Cypriot suppliers (K66),BR,1.8565539279594093e-10,illustrative
2 suppliers,Foreign income from Cypriot suppliers (K66),CA,3.7131078559188186e-10,illustrative
2 suppliers,Foreign income from Cypriot suppliers (K66),CH,2.227864713551291e-09,illustrative
2 suppliers,Foreign income from Cypriot suppliers (K66),CONFIDENTIAL_PARTNERS,7.095822241584542e-06,illustrative
2 suppliers,Cyprus suppliers' value added (K66),CY,4.207582659965428e-05,illustrative
2 suppliers,Foreign income from Cypriot suppliers (K66),CZ,7.426215711837637e-10,illustrative
2 suppliers,Foreign income from Cypriot suppliers (K66),DE,1.2995877495715866e-09,illustrative
2 suppliers,Foreign income from Cypriot suppliers (K66),DK,3.7131078559188186e-10,illustrative
2 suppliers,Foreign income from Cypriot suppliers (K66),EL,3.2503996512392063e-06,illustrative
2 suppliers,Foreign income from Cypriot suppliers (K66),ES,2.413520106347232e-09,illustrative
2 suppliers,Foreign income from Cypriot suppliers (K66),FI,7.426215711837637e-10,illustrative
2 suppliers,Foreign income from Cypriot suppliers (K66),FR,1.4852431423675275e-09,illustrative
2 suppliers,Foreign income from Cypriot suppliers (K66),HU,1.8565539279594093e-10,illustrative
2 suppliers,Foreign income from Cypriot suppliers (K66),IE,5.569661783878227e-10,illustrative
2 suppliers,Foreign income from Cypriot suppliers (K66),IT,2.413520106347232e-09,illustrative
2 suppliers,Foreign income from Cypriot suppliers (K66),JP,1.8565539279594093e-10,illustrative
2 suppliers,Foreign income from Cypriot suppliers (K66),LV,1.8565539279594093e-10,illustrative
2 suppliers,Foreign income from Cypriot suppliers (K66),NL,7.426215711837637e-10,illustrative
2 suppliers,Foreign income from Cypriot suppliers (K66),OFFSHO,2.9058754184307637e-06,illustrative
2 suppliers,Foreign income from Cypriot suppliers (K66),PT,3.7131078559188186e-10,illustrative
2 suppliers,Foreign income from Cypriot suppliers (K66),RU,6.388655408687812e-07,illustrative
2 suppliers,Foreign income from Cypriot suppliers (K66),SE,3.7131078559188186e-10,illustrative
2 suppliers,Foreign income from Cypriot suppliers (K66),SK,5.569661783878227e-10,illustrative
2 suppliers,Foreign income from Cypriot suppliers (K66),UK,7.611871104633579e-09,illustrative
2 suppliers,Foreign income from Cypriot suppliers (K66),US,2.413520106347232e-09,illustrative
2 suppliers,Foreign income from Cypriot suppliers (K66),ZA,1.8565539279594093e-10,illustrative
2 suppliers,Foreign income from Cypriot suppliers (L68B),AT,2.8725379871126574e-07,illustrative
2 suppliers,Foreign income from Cypriot suppliers (L68B),AU,8.207251391750449e-08,illustrative
2 suppliers,Foreign income from Cypriot suppliers (L68B),BE,6.155438543812836e-07,illustrative
2 suppliers,Foreign income from Cypriot suppliers (L68B),BR,4.1036256958752245e-08,illustrative
2 suppliers,Foreign income from Cypriot suppliers (L68B),CA,8.207251391750449e-08,illustrative
2 suppliers,Foreign income from Cypriot suppliers (L68B),CH,4.924350835050269e-07,illustrative
2 suppliers,Foreign income from Cypriot suppliers (L68B),CONFIDENTIAL_PARTNERS,0.0009497757966396936,illustrative
2 suppliers,Cyprus suppliers' value added (L68B),CY,0.13264373492699993,illustrative
2 suppliers,Foreign income from Cypriot suppliers (L68B),CZ,1.6414502783500898e-07,illustrative
2 suppliers,Foreign income from Cypriot suppliers (L68B),DE,2.8725379871126574e-07,illustrative
2 suppliers,Foreign income from Cypriot suppliers (L68B),DK,8.207251391750449e-08,illustrative
2 suppliers,Foreign income from Cypriot suppliers (L68B),EL,1.9943620881953593e-05,illustrative
2 suppliers,Foreign income from Cypriot suppliers (L68B),ES,5.334713404637791e-07,illustrative
2 suppliers,Foreign income from Cypriot suppliers (L68B),FI,1.6414502783500898e-07,illustrative
2 suppliers,Foreign income from Cypriot suppliers (L68B),FR,3.2829005567001796e-07,illustrative
2 suppliers,Foreign income from Cypriot suppliers (L68B),HU,4.1036256958752245e-08,illustrative
2 suppliers,Foreign income from Cypriot suppliers (L68B),IE,1.2310877087625673e-07,illustrative
2 suppliers,Foreign income from Cypriot suppliers (L68B),IT,5.334713404637791e-07,illustrative
2 suppliers,Foreign income from Cypriot suppliers (L68B),JP,4.1036256958752245e-08,illustrative
2 suppliers,Foreign income from Cypriot suppliers (L68B),LV,4.1036256958752245e-08,illustrative
2 suppliers,Foreign income from Cypriot suppliers (L68B),NL,1.6414502783500898e-07,illustrative
2 suppliers,Foreign income from Cypriot suppliers (L68B),PT,8.207251391750449e-08,illustrative
2 suppliers,Foreign income from Cypriot suppliers (L68B),RU,2.1338853618551164e-06,illustrative
2 suppliers,Foreign income from Cypriot suppliers (L68B),SE,8.207251391750449e-08,illustrative
2 suppliers,Foreign income from Cypriot suppliers (L68B),SK,1.2310877087625673e-07,illustrative
2 suppliers,Foreign income from Cypriot suppliers (L68B),UK,1.6824865353088417e-06,illustrative
2 suppliers,Foreign income from Cypriot suppliers (L68B),US,5.334713404637791e-07,illustrative
2 suppliers,Foreign income from Cypriot suppliers (L68B),WORLD_UNALLOCATED,0.0014555152101708715,illustrative
2 suppliers,Foreign income from Cypriot suppliers (L68B),ZA,4.1036256958752245e-08,illustrative
2 suppliers,Foreign income from Cypriot suppliers (M69-70),AT,2.2561140768531033e-06,illustrative
2 suppliers,Foreign income from Cypriot suppliers (M69-70),AU,6.446040219580295e-07,illustrative
2 suppliers,Foreign income from Cypriot suppliers (M69-70),BE,4.834530164685221e-06,illustrative
2 suppliers,Foreign income from Cypriot suppliers (M69-70),BR,3.2230201097901477e-07,illustrative
2 suppliers,Foreign income from Cypriot suppliers (M69-70),CA,6.446040219580295e-07,illustrative
2 suppliers,Foreign income from Cypriot suppliers (M69-70),CH,3.867624131748176e-06,illustrative
2 suppliers,Foreign income from Cypriot suppliers (M69-70),CONFIDENTIAL_PARTNERS,0.0006810005339703862,illustrative
2 suppliers,Cyprus suppliers' value added (M69-70),CY,0.10602841732197052,illustrative
2 suppliers,Foreign income from Cypriot suppliers (M69-70),CZ,1.289208043916059e-06,illustrative
2 suppliers,Foreign income from Cypriot suppliers (M69-70),DE,1.9230793393409727e-05,illustrative
2 suppliers,Foreign income from Cypriot suppliers (M69-70),DK,2.853197520636851e-05,illustrative
2 suppliers,Foreign income from Cypriot suppliers (M69-70),EL,0.00015663877733580118,illustrative
2 suppliers,Foreign income from Cypriot suppliers (M69-70),ES,4.189926142727191e-06,illustrative
2 suppliers,Foreign income from Cypriot suppliers (M69-70),FI,1.289208043916059e-06,illustrative
2 suppliers,Foreign income from Cypriot suppliers (M69-70),FR,2.578416087832118e-06,illustrative
2 suppliers,Foreign income from Cypriot suppliers (M69-70),HU,3.2230201097901477e-07,illustrative
2 suppliers,Foreign income from Cypriot suppliers (M69-70),IE,9.66906032937044e-07,illustrative
2 suppliers,Foreign income from Cypriot suppliers (M69-70),IT,4.189926142727191e-06,illustrative
2 suppliers,Foreign income from Cypriot suppliers (M69-70),JP,3.2230201097901477e-07,illustrative
2 suppliers,Foreign income from Cypriot suppliers (M69-70),LV,3.2230201097901477e-07,illustrative
2 suppliers,Foreign income from Cypriot suppliers (M69-70),NL,1.289208043916059e-06,illustrative
2 suppliers,Foreign income from Cypriot suppliers (M69-70),OFFSHO,0.00012058460305150902,illustrative
2 suppliers,Foreign income from Cypriot suppliers (M69-70),PT,6.446040219580295e-07,illustrative
2 suppliers,Foreign income from Cypriot suppliers (M69-70),RU,4.286998229024628e-05,illustrative
2 suppliers,Foreign income from Cypriot suppliers (M69-70),SE,6.446040219580295e-07,illustrative
2 suppliers,Foreign income from Cypriot suppliers (M69-70),SK,9.66906032937044e-07,illustrative
2 suppliers,Foreign income from Cypriot suppliers (M69-70),UK,1.3214382450139604e-05,illustrative
2 suppliers,Foreign income from Cypriot suppliers (M69-70),US,4.189926142727191e-06,illustrative
2 suppliers,Foreign income from Cypriot suppliers (M69-70),WORLD_UNALLOCATED,0.0006071931324788661,illustrative
2 suppliers,Foreign income from Cypriot suppliers (M69-70),ZA,3.2230201097901477e-07,illustrative
2 suppliers,Foreign income from Cypriot suppliers (M71),AT,8.586448939741664e-08,illustrative
2 suppliers,Foreign income from Cypriot suppliers (M71),AU,2.4532711256404757e-08,illustrative
2 suppliers,Foreign income from Cypriot suppliers (M71),BE,1.8399533442303564e-07,illustrative
2 suppliers,Foreign income from Cypriot suppliers (M71),BR,1.2266355628202379e-08,illustrative
2 suppliers,Foreign income from Cypriot suppliers (M71),CA,2.4532711256404757e-08,illustrative
2 suppliers,Foreign income from Cypriot suppliers (M71),CH,1.4719626753842852e-07,illustrative
2 suppliers,Foreign income from Cypriot suppliers (M71),CONFIDENTIAL_PARTNERS,2.3842056389757135e-05,illustrative
2 suppliers,Cyprus suppliers' value added (M71),CY,0.003625016350889131,illustrative
2 suppliers,Foreign income from Cypriot suppliers (M71),CZ,4.9065422512809514e-08,illustrative
2 suppliers,Foreign income from Cypriot suppliers (M71),DE,6.082529725014299e-07,illustrative
2 suppliers,Foreign income from Cypriot suppliers (M71),DK,8.827546110111471e-07,illustrative
2 suppliers,Foreign income from Cypriot suppliers (M71),EL,5.961448835306356e-06,illustrative
2 suppliers,Foreign income from Cypriot suppliers (M71),ES,1.594626231666309e-07,illustrative
2 suppliers,Foreign income from Cypriot suppliers (M71),FI,4.9065422512809514e-08,illustrative
2 suppliers,Foreign income from Cypriot suppliers (M71),FR,9.813084502561903e-08,illustrative
2 suppliers,Foreign income from Cypriot suppliers (M71),HU,1.2266355628202379e-08,illustrative
2 suppliers,Foreign income from Cypriot suppliers (M71),IE,3.679906688460713e-08,illustrative
2 suppliers,Foreign income from Cypriot suppliers (M71),IT,1.594626231666309e-07,illustrative
2 suppliers,Foreign income from Cypriot suppliers (M71),JP,1.2266355628202379e-08,illustrative
2 suppliers,Foreign income from Cypriot suppliers (M71),LV,1.2266355628202379e-08,illustrative
2 suppliers,Foreign income from Cypriot suppliers (M71),NL,4.9065422512809514e-08,illustrative
2 suppliers,Foreign income from Cypriot suppliers (M71),OFFSHO,3.7109394939989673e-06,illustrative
2 suppliers,Foreign income from Cypriot suppliers (M71),PT,2.4532711256404757e-08,illustrative
2 suppliers,Foreign income from Cypriot suppliers (M71),RU,1.441383102435796e-06,illustrative
2 suppliers,Foreign income from Cypriot suppliers (M71),SE,2.4532711256404757e-08,illustrative
2 suppliers,Foreign income from Cypriot suppliers (M71),SK,3.679906688460713e-08,illustrative
2 suppliers,Foreign income from Cypriot suppliers (M71),UK,5.029205807562975e-07,illustrative
2 suppliers,Foreign income from Cypriot suppliers (M71),US,1.594626231666309e-07,illustrative
2 suppliers,Foreign income from Cypriot suppliers (M71),WORLD_UNALLOCATED,1.8686108497933755e-05,illustrative
2 suppliers,Foreign income from Cypriot suppliers (M71),ZA,1.2266355628202379e-08,illustrative
2 suppliers,Foreign income from Cypriot suppliers (M73),AT,2.705001376475333e-07,illustrative
2 suppliers,Foreign income from Cypriot suppliers (M73),AU,7.728575361358094e-08,illustrative
2 suppliers,Foreign income from Cypriot suppliers (M73),BE,5.796431521018571e-07,illustrative
2 suppliers,Foreign income from Cypriot suppliers (M73),BR,3.864287680679047e-08,illustrative
2 suppliers,Foreign income from Cypriot suppliers (M73),CA,7.728575361358094e-08,illustrative
2 suppliers,Foreign income from Cypriot suppliers (M73),CH,4.637145216814856e-07,illustrative
2 suppliers,Foreign income from Cypriot suppliers (M73),CONFIDENTIAL_PARTNERS,0.0001501998959311922,illustrative
2 suppliers,Cyprus suppliers' value added (M73),CY,0.01835918178516392,illustrative
2 suppliers,Foreign income from Cypriot suppliers (M73),CZ,1.5457150722716188e-07,illustrative
2 suppliers,Foreign income from Cypriot suppliers (M73),DE,6.388752254857122e-06,illustrative
2 suppliers,Foreign income from Cypriot suppliers (M73),DK,1.0128843406665042e-05,illustrative
2 suppliers,Foreign income from Cypriot suppliers (M73),EL,1.878043812810017e-05,illustrative
2 suppliers,Foreign income from Cypriot suppliers (M73),ES,5.023573984882759e-07,illustrative
2 suppliers,Foreign income from Cypriot suppliers (M73),FI,1.5457150722716188e-07,illustrative
2 suppliers,Foreign income from Cypriot suppliers (M73),FR,3.0914301445432375e-07,illustrative
2 suppliers,Foreign income from Cypriot suppliers (M73),HU,3.864287680679047e-08,illustrative
2 suppliers,Foreign income from Cypriot suppliers (M73),IE,1.159286304203714e-07,illustrative
2 suppliers,Foreign income from Cypriot suppliers (M73),IT,5.023573984882759e-07,illustrative
2 suppliers,Foreign income from Cypriot suppliers (M73),JP,3.864287680679047e-08,illustrative
2 suppliers,Foreign income from Cypriot suppliers (M73),LV,3.864287680679047e-08,illustrative
2 suppliers,Foreign income from Cypriot suppliers (M73),NL,1.5457150722716188e-07,illustrative
2 suppliers,Foreign income from Cypriot suppliers (M73),OFFSHO,4.34627947405861e-05,illustrative
2 suppliers,Foreign income from Cypriot suppliers (M73),PT,7.728575361358094e-08,illustrative
2 suppliers,Foreign income from Cypriot suppliers (M73),RU,1.1420462283180534e-05,illustrative
2 suppliers,Foreign income from Cypriot suppliers (M73),SE,7.728575361358094e-08,illustrative
2 suppliers,Foreign income from Cypriot suppliers (M73),SK,1.159286304203714e-07,illustrative
2 suppliers,Foreign income from Cypriot suppliers (M73),UK,1.584357949078409e-06,illustrative
2 suppliers,Foreign income from Cypriot suppliers (M73),US,5.023573984882759e-07,illustrative
2 suppliers,Foreign income from Cypriot suppliers (M73),WORLD_UNALLOCATED,0.00015304000375170247,illustrative
2 suppliers,Foreign income from Cypriot suppliers (M73),ZA,3.864287680679047e-08,illustrative
2 suppliers,Foreign income from Cypriot suppliers (M74-75),AT,3.0732996462199685e-07,illustrative
2 suppliers,Foreign income from Cypriot suppliers (M74-75),AU,8.780856132057054e-08,illustrative
2 suppliers,Foreign income from Cypriot suppliers (M74-75),BE,6.585642099042789e-07,illustrative
2 suppliers,Foreign income from Cypriot suppliers (M74-75),BR,4.390428066028527e-08,illustrative
2 suppliers,Foreign income from Cypriot suppliers (M74-75),CA,8.780856132057054e-08,illustrative
2 suppliers,Foreign income from Cypriot suppliers (M74-75),CH,5.268513679234231e-07,illustrative
2 suppliers,Foreign income from Cypriot suppliers (M74-75),CONFIDENTIAL_PARTNERS,6.408184155738549e-05,illustrative
2 suppliers,Cyprus suppliers' value added (M74-75),CY,0.011164895943109392,illustrative
2 suppliers,Foreign income from Cypriot suppliers (M74-75),CZ,1.7561712264114107e-07,illustrative
2 suppliers,Foreign income from Cypriot suppliers (M74-75),DE,9.110970827783636e-07,illustrative
2 suppliers,Foreign income from Cypriot suppliers (M74-75),DK,1.0797258411095102e-06,illustrative
2 suppliers,Foreign income from Cypriot suppliers (M74-75),EL,2.1337480400898636e-05,illustrative
2 suppliers,Foreign income from Cypriot suppliers (M74-75),ES,5.707556485837083e-07,illustrative
2 suppliers,Foreign income from Cypriot suppliers (M74-75),FI,1.7561712264114107e-07,illustrative
2 suppliers,Foreign income from Cypriot suppliers (M74-75),FR,3.5123424528228214e-07,illustrative
2 suppliers,Foreign income from Cypriot suppliers (M74-75),HU,4.390428066028527e-08,illustrative
2 suppliers,Foreign income from Cypriot suppliers (M74-75),IE,1.3171284198085578e-07,illustrative
2 suppliers,Foreign income from Cypriot suppliers (M74-75),IT,5.707556485837083e-07,illustrative
2 suppliers,Foreign income from Cypriot suppliers (M74-75),JP,4.390428066028527e-08,illustrative
2 suppliers,Foreign income from Cypriot suppliers (M74-75),LV,4.390428066028527e-08,illustrative
2 suppliers,Foreign income from Cypriot suppliers (M74-75),NL,1.7561712264114107e-07,illustrative
2 suppliers,Foreign income from Cypriot suppliers (M74-75),OFFSHO,4.2890364478006415e-06,illustrative
2 suppliers,Foreign income from Cypriot suppliers (M74-75),PT,8.780856132057054e-08,illustrative
2 suppliers,Foreign income from Cypriot suppliers (M74-75),RU,3.211730986339066e-06,illustrative
2 suppliers,Foreign income from Cypriot suppliers (M74-75),SE,8.780856132057054e-08,illustrative
2 suppliers,Foreign income from Cypriot suppliers (M74-75),SK,1.3171284198085578e-07,illustrative
2 suppliers,Foreign income from Cypriot suppliers (M74-75),UK,1.8000755070716955e-06,illustrative
2 suppliers,Foreign income from Cypriot suppliers (M74-75),US,5.707556485837083e-07,illustrative
2 suppliers,Foreign income from Cypriot suppliers (M74-75),WORLD_UNALLOCATED,1.5102437797209801e-05,illustrative
2 suppliers,Foreign income from Cypriot suppliers (M74-75),ZA,4.390428066028527e-08,illustrative
2 suppliers,Foreign income from Cypriot suppliers (N77),AT,5.15073202135464e-07,illustrative
2 suppliers,Foreign income from Cypriot suppliers (N77),AU,1.4716377203870398e-07,illustrative
2 suppliers,Foreign income from Cypriot suppliers (N77),BE,1.1037282902902795e-06,illustrative
2 suppliers,Foreign income from Cypriot suppliers (N77),BR,7.358188601935199e-08,illustrative
2 suppliers,Foreign income from Cypriot suppliers (N77),CA,1.4716377203870398e-07,illustrative
2 suppliers,Foreign income from Cypriot suppliers (N77),CH,8.829826322322237e-07,illustrative
2 suppliers,Foreign income from Cypriot suppliers (N77),CONFIDENTIAL_PARTNERS,0.0013768667062465203,illustrative
2 suppliers,Cyprus suppliers' value added (N77),CY,0.05787538384911251,illustrative
2 suppliers,Foreign income from Cypriot suppliers (N77),CZ,2.9432754407740796e-07,illustrative
2 suppliers,Foreign income from Cypriot suppliers (N77),DE,7.714000092015182e-05,illustrative
2 suppliers,Foreign income from Cypriot suppliers (N77),DK,1.4716377203870398e-07,illustrative
2 suppliers,Foreign income from Cypriot suppliers (N77),EL,3.576079660540506e-05,illustrative
2 suppliers,Foreign income from Cypriot suppliers (N77),ES,9.565645182515757e-07,illustrative
2 suppliers,Foreign income from Cypriot suppliers (N77),FI,2.9432754407740796e-07,illustrative
2 suppliers,Foreign income from Cypriot suppliers (N77),FR,5.886550881548159e-07,illustrative
2 suppliers,Foreign income from Cypriot suppliers (N77),HU,7.358188601935199e-08,illustrative
2 suppliers,Foreign income from Cypriot suppliers (N77),IE,2.2074565805805592e-07,illustrative
2 suppliers,Foreign income from Cypriot suppliers (N77),IT,9.565645182515757e-07,illustrative
2 suppliers,Foreign income from Cypriot suppliers (N77),JP,7.358188601935199e-08,illustrative
2 suppliers,Foreign income from Cypriot suppliers (N77),LV,7.358188601935199e-08,illustrative
2 suppliers,Foreign income from Cypriot suppliers (N77),NL,2.9432754407740796e-07,illustrative
2 suppliers,Foreign income from Cypriot suppliers (N77),OFFSHO,0.0005443276023314836,illustrative
2 suppliers,Foreign income from Cypriot suppliers (N77),PT,1.4716377203870398e-07,illustrative
2 suppliers,Foreign income from Cypriot suppliers (N77),RU,3.826258073006303e-06,illustrative
2 suppliers,Foreign income from Cypriot suppliers (N77),SE,1.4716377203870398e-07,illustrative
2 suppliers,Foreign income from Cypriot suppliers (N77),SK,2.2074565805805592e-07,illustrative
2 suppliers,Foreign income from Cypriot suppliers (N77),UK,3.0168573267934304e-06,illustrative
2 suppliers,Foreign income from Cypriot suppliers (N77),US,9.565645182515757e-07,illustrative
2 suppliers,Foreign income from Cypriot suppliers (N77),WORLD_UNALLOCATED,0.0007540527765201077,illustrative
2 suppliers,Foreign income from Cypriot suppliers (N77),ZA,7.358188601935199e-08,illustrative
2 suppliers,Foreign income from Cypriot suppliers (N78),AT,3.857715657322707e-08,illustrative
2 suppliers,Foreign income from Cypriot suppliers (N78),AU,1.1022044735207735e-08,illustrative
2 suppliers,Foreign income from Cypriot suppliers (N78),BE,8.2665335514058e-08,illustrative
2 suppliers,Foreign income from Cypriot suppliers (N78),BR,5.511022367603868e-09,illustrative
2 suppliers,Foreign income from Cypriot suppliers (N78),CA,1.1022044735207735e-08,illustrative
2 suppliers,Foreign income from Cypriot suppliers (N78),CH,6.61322684112464e-08,illustrative
2 suppliers,Foreign income from Cypriot suppliers (N78),CONFIDENTIAL_PARTNERS,5.607511067352426e-05,illustrative
2 suppliers,Cyprus suppliers' value added (N78),CY,0.0017095919959474767,illustrative
2 suppliers,Foreign income from Cypriot suppliers (N78),CZ,2.204408947041547e-08,illustrative
2 suppliers,Foreign income from Cypriot suppliers (N78),DE,2.975243393870489e-06,illustrative
2 suppliers,Foreign income from Cypriot suppliers (N78),DK,1.1022044735207735e-08,illustrative
2 suppliers,Foreign income from Cypriot suppliers (N78),EL,2.6783568706554795e-06,illustrative
2 suppliers,Foreign income from Cypriot suppliers (N78),ES,7.164329077885027e-08,illustrative
2 suppliers,Foreign income from Cypriot suppliers (N78),FI,2.204408947041547e-08,illustrative
2 suppliers,Foreign income from Cypriot suppliers (N78),FR,4.408817894083094e-08,illustrative
2 suppliers,Foreign income from Cypriot suppliers (N78),HU,5.511022367603868e-09,illustrative
2 suppliers,Foreign income from Cypriot suppliers (N78),IE,1.65330671028116e-08,illustrative
2 suppliers,Foreign income from Cypriot suppliers (N78),IT,7.164329077885027e-08,illustrative
2 suppliers,Foreign income from Cypriot suppliers (N78),JP,5.511022367603868e-09,illustrative
2 suppliers,Foreign income from Cypriot suppliers (N78),LV,5.511022367603868e-09,illustrative
2 suppliers,Foreign income from Cypriot suppliers (N78),NL,2.204408947041547e-08,illustrative
2 suppliers,Foreign income from Cypriot suppliers (N78),OFFSHO,2.086146818537214e-05,illustrative
2 suppliers,Foreign income from Cypriot suppliers (N78),PT,1.1022044735207735e-08,illustrative
2 suppliers,Foreign income from Cypriot suppliers (N78),RU,2.865731631154011e-07,illustrative
2 suppliers,Foreign income from Cypriot suppliers (N78),SE,1.1022044735207735e-08,illustrative
2 suppliers,Foreign income from Cypriot suppliers (N78),SK,1.65330671028116e-08,illustrative
2 suppliers,Foreign income from Cypriot suppliers (N78),UK,2.2595191707175857e-07,illustrative
2 suppliers,Foreign income from Cypriot suppliers (N78),US,7.164329077885027e-08,illustrative
2 suppliers,Foreign income from Cypriot suppliers (N78),WORLD_UNALLOCATED,2.0078881250309068e-05,illustrative
2 suppliers,Foreign income from Cypriot suppliers (N78),ZA,5.511022367603868e-09,illustrative
2 suppliers,Foreign income from Cypriot suppliers (N79),AT,2.452386625572608e-07,illustrative
2 suppliers,Foreign income from Cypriot suppliers (N79),AU,7.006818930207451e-08,illustrative
2 suppliers,Foreign income from Cypriot suppliers (N79),BE,5.255114197655588e-07,illustrative
2 suppliers,Foreign income from Cypriot suppliers (N79),BR,3.503409465103726e-08,illustrative
2 suppliers,Foreign income from Cypriot suppliers (N79),CA,7.006818930207451e-08,illustrative
2 suppliers,Foreign income from Cypriot suppliers (N79),CH,4.2040913581244703e-07,illustrative
2 suppliers,Foreign income from Cypriot suppliers (N79),CONFIDENTIAL_PARTNERS,0.0004920218347538368,illustrative
2 suppliers,Cyprus suppliers' value added (N79),CY,0.01330969181819045,illustrative
2 suppliers,Foreign income from Cypriot suppliers (N79),CZ,1.4013637860414903e-07,illustrative
2 suppliers,Foreign income from Cypriot suppliers (N79),DE,2.698746198637028e-05,illustrative
2 suppliers,Foreign income from Cypriot suppliers (N79),DK,7.006818930207451e-08,illustrative
2 suppliers,Foreign income from Cypriot suppliers (N79),EL,1.7026570000404108e-05,illustrative
2 suppliers,Foreign income from Cypriot suppliers (N79),ES,4.554432304634843e-07,illustrative
2 suppliers,Foreign income from Cypriot suppliers (N79),FI,1.4013637860414903e-07,illustrative
2 suppliers,Foreign income from Cypriot suppliers (N79),FR,2.8027275720829806e-07,illustrative
2 suppliers,Foreign income from Cypriot suppliers (N79),HU,3.503409465103726e-08,illustrative
2 suppliers,Foreign income from Cypriot suppliers (N79),IE,1.0510228395311176e-07,illustrative
2 suppliers,Foreign income from Cypriot suppliers (N79),IT,4.554432304634843e-07,illustrative
2 suppliers,Foreign income from Cypriot suppliers (N79),JP,3.503409465103726e-08,illustrative
2 suppliers,Foreign income from Cypriot suppliers (N79),LV,3.503409465103726e-08,illustrative
2 suppliers,Foreign income from Cypriot suppliers (N79),NL,1.4013637860414903e-07,illustrative
2 suppliers,Foreign income from Cypriot suppliers (N79),OFFSHO,0.00018997121088887666,illustrative
2 suppliers,Foreign income from Cypriot suppliers (N79),PT,7.006818930207451e-08,illustrative
2 suppliers,Foreign income from Cypriot suppliers (N79),RU,1.8217729218539371e-06,illustrative
2 suppliers,Foreign income from Cypriot suppliers (N79),SE,7.006818930207451e-08,illustrative
2 suppliers,Foreign income from Cypriot suppliers (N79),SK,1.0510228395311176e-07,illustrative
2 suppliers,Foreign income from Cypriot suppliers (N79),UK,1.4363978806925274e-06,illustrative
2 suppliers,Foreign income from Cypriot suppliers (N79),US,4.554432304634843e-07,illustrative
2 suppliers,Foreign income from Cypriot suppliers (N79),WORLD_UNALLOCATED,0.00018284472360817835,illustrative
2 suppliers,Foreign income from Cypriot suppliers (N79),ZA,3.503409465103726e-08,illustrative
2 suppliers,Foreign income from Cypriot suppliers (N80-82),AT,1.343168395054842e-06,illustrative
2 suppliers,Foreign income from Cypriot suppliers (N80-82),AU,3.8376239858709776e-07,illustrative
2 suppliers,Foreign income from Cypriot suppliers (N80-82),BE,2.8782179894032323e-06,illustrative
2 suppliers,Foreign income from Cypriot suppliers (N80-82),BR,1.9188119929354888e-07,illustrative
2 suppliers,Foreign income from Cypriot suppliers (N80-82),CA,3.8376239858709776e-07,illustrative
2 suppliers,Foreign income from Cypriot suppliers (N80-82),CH,2.3025743915225865e-06,illustrative
2 suppliers,Foreign income from Cypriot suppliers (N80-82),CONFIDENTIAL_PARTNERS,0.0015877814935272476,illustrative
2 suppliers,Cyprus suppliers' value added (N80-82),CY,0.053445511811460816,illustrative
2 suppliers,Foreign income from Cypriot suppliers (N80-82),CZ,7.675247971741955e-07,illustrative
2 suppliers,Foreign income from Cypriot suppliers (N80-82),DE,8.187305672926223e-05,illustrative
2 suppliers,Foreign income from Cypriot suppliers (N80-82),DK,3.8376239858709776e-07,illustrative
2 suppliers,Foreign income from Cypriot suppliers (N80-82),EL,9.325426285666475e-05,illustrative
2 suppliers,Foreign income from Cypriot suppliers (N80-82),ES,2.494455590816135e-06,illustrative
2 suppliers,Foreign income from Cypriot suppliers (N80-82),FI,7.675247971741955e-07,illustrative
2 suppliers,Foreign income from Cypriot suppliers (N80-82),FR,1.535049594348391e-06,illustrative
2 suppliers,Foreign income from Cypriot suppliers (N80-82),HU,1.9188119929354888e-07,illustrative
2 suppliers,Foreign income from Cypriot suppliers (N80-82),IE,5.756435978806466e-07,illustrative
2 suppliers,Foreign income from Cypriot suppliers (N80-82),IT,2.494455590816135e-06,illustrative
2 suppliers,Foreign income from Cypriot suppliers (N80-82),JP,1.9188119929354888e-07,illustrative
2 suppliers,Foreign income from Cypriot suppliers (N80-82),LV,1.9188119929354888e-07,illustrative
2 suppliers,Foreign income from Cypriot suppliers (N80-82),NL,7.675247971741955e-07,illustrative
2 suppliers,Foreign income from Cypriot suppliers (N80-82),OFFSHO,0.0005720676330592433,illustrative
2 suppliers,Foreign income from Cypriot suppliers (N80-82),PT,3.8376239858709776e-07,illustrative
2 suppliers,Foreign income from Cypriot suppliers (N80-82),RU,9.97782236326454e-06,illustrative
2 suppliers,Foreign income from Cypriot suppliers (N80-82),SE,3.8376239858709776e-07,illustrative
2 suppliers,Foreign income from Cypriot suppliers (N80-82),SK,5.756435978806466e-07,illustrative
2 suppliers,Foreign income from Cypriot suppliers (N80-82),UK,7.867129171035504e-06,illustrative
2 suppliers,Foreign income from Cypriot suppliers (N80-82),US,2.494455590816135e-06,illustrative
2 suppliers,Foreign income from Cypriot suppliers (N80-82),WORLD_UNALLOCATED,0.0005506073670977832,illustrative
2 suppliers,Foreign income from Cypriot suppliers (N80-82),ZA,1.9188119929354888e-07,illustrative
2 suppliers,Foreign income from Cypriot suppliers (O84),AT,1.2474340445885253e-08,illustrative
2 suppliers,Foreign income from Cypriot suppliers (O84),AU,3.5640972702529293e-09,illustrative
2 suppliers,Foreign income from Cypriot suppliers (O84),BE,2.6730729526896967e-08,illustrative
2 suppliers,Foreign income from Cypriot suppliers (O84),BR,1.7820486351264646e-09,illustrative
2 suppliers,Foreign income from Cypriot suppliers (O84),CA,3.5640972702529293e-09,illustrative
2 suppliers,Foreign income from Cypriot suppliers (O84),CH,2.1384583621517574e-08,illustrative
2 suppliers,Foreign income from Cypriot suppliers (O84),CONFIDENTIAL_PARTNERS,2.1896031579798876e-06,illustrative
2 suppliers,Cyprus suppliers' value added (O84),CY,0.00037948079692335903,illustrative
2 suppliers,Foreign income from Cypriot suppliers (O84),CZ,7.1281945405058585e-09,illustrative
2 suppliers,Foreign income from Cypriot suppliers (O84),DE,1.2474340445885253e-08,illustrative
2 suppliers,Foreign income from Cypriot suppliers (O84),DK,3.5640972702529293e-09,illustrative
2 suppliers,Foreign income from Cypriot suppliers (O84),EL,8.660756366714621e-07,illustrative
2 suppliers,Foreign income from Cypriot suppliers (O84),ES,2.3166632256644038e-08,illustrative
2 suppliers,Foreign income from Cypriot suppliers (O84),FI,7.1281945405058585e-09,illustrative
2 suppliers,Foreign income from Cypriot suppliers (O84),FR,1.4256389081011717e-08,illustrative
2 suppliers,Foreign income from Cypriot suppliers (O84),HU,1.7820486351264646e-09,illustrative
2 suppliers,Foreign income from Cypriot suppliers (O84),IE,5.3461459053793935e-09,illustrative
2 suppliers,Foreign income from Cypriot suppliers (O84),IT,2.3166632256644038e-08,illustrative
2 suppliers,Foreign income from Cypriot suppliers (O84),JP,1.7820486351264646e-09,illustrative
2 suppliers,Foreign income from Cypriot suppliers (O84),LV,1.7820486351264646e-09,illustrative
2 suppliers,Foreign income from Cypriot suppliers (O84),NL,7.1281945405058585e-09,illustrative
2 suppliers,Foreign income from Cypriot suppliers (O84),PT,3.5640972702529293e-09,illustrative
2 suppliers,Foreign income from Cypriot suppliers (O84),RU,9.266652902657615e-08,illustrative
2 suppliers,Foreign income from Cypriot suppliers (O84),SE,3.5640972702529293e-09,illustrative
2 suppliers,Foreign income from Cypriot suppliers (O84),SK,5.3461459053793935e-09,illustrative
2 suppliers,Foreign income from Cypriot suppliers (O84),UK,7.306399404018505e-08,illustrative
2 suppliers,Foreign income from Cypriot suppliers (O84),US,2.3166632256644038e-08,illustrative
2 suppliers,Foreign income from Cypriot suppliers (O84),ZA,1.7820486351264646e-09,illustrative
2 suppliers,Foreign income from Cypriot suppliers (P85),AT,1.2385017976639234e-06,illustrative
2 suppliers,Foreign income from Cypriot suppliers (P85),AU,3.5385765647540665e-07,illustrative
2 suppliers,Foreign income from Cypriot suppliers (P85),BE,2.6539324235655496e-06,illustrative
2 suppliers,Foreign income from Cypriot suppliers (P85),BR,1.7692882823770333e-07,illustrative
2 suppliers,Foreign income from Cypriot suppliers (P85),CA,3.5385765647540665e-07,illustrative
2 suppliers,Foreign income from Cypriot suppliers (P85),CH,2.12314593885244e-06,illustrative
2 suppliers,Foreign income from Cypriot suppliers (P85),CONFIDENTIAL_PARTNERS,0.0004487175003553228,illustrative
2 suppliers,Cyprus suppliers' value added (P85),CY,0.035818520874775696,illustrative
2 suppliers,Foreign income from Cypriot suppliers (P85),CZ,7.077153129508133e-07,illustrative
2 suppliers,Foreign income from Cypriot suppliers (P85),DE,1.2385017976639234e-06,illustrative
2 suppliers,Foreign income from Cypriot suppliers (P85),DK,3.5385765647540665e-07,illustrative
2 suppliers,Foreign income from Cypriot suppliers (P85),EL,8.598741052352381e-05,illustrative
2 suppliers,Foreign income from Cypriot suppliers (P85),ES,2.3000747670901424e-06,illustrative
2 suppliers,Foreign income from Cypriot suppliers (P85),FI,7.077153129508133e-07,illustrative
2 suppliers,Foreign income from Cypriot suppliers (P85),FR,1.4154306259016266e-06,illustrative
2 suppliers,Foreign income from Cypriot suppliers (P85),HU,1.7692882823770333e-07,illustrative
2 suppliers,Foreign income from Cypriot suppliers (P85),IE,5.3078648471311e-07,illustrative
2 suppliers,Foreign income from Cypriot suppliers (P85),IT,2.3000747670901424e-06,illustrative
2 suppliers,Foreign income from Cypriot suppliers (P85),JP,1.7692882823770333e-07,illustrative
2 suppliers,Foreign income from Cypriot suppliers (P85),LV,1.7692882823770333e-07,illustrative
2 suppliers,Foreign income from Cypriot suppliers (P85),NL,7.077153129508133e-07,illustrative
2 suppliers,Foreign income from Cypriot suppliers (P85),PT,3.5385765647540665e-07,illustrative
2 suppliers,Foreign income from Cypriot suppliers (P85),RU,9.20029906836057e-06,illustrative
2 suppliers,Foreign income from Cypriot suppliers (P85),SE,3.5385765647540665e-07,illustrative
2 suppliers,Foreign income from Cypriot suppliers (P85),SK,5.3078648471311e-07,illustrative
2 suppliers,Foreign income from Cypriot suppliers (P85),UK,7.254081957745835e-06,illustrative
2 suppliers,Foreign income from Cypriot suppliers (P85),US,2.3000747670901424e-06,illustrative
2 suppliers,Foreign income from Cypriot suppliers (P85),WORLD_UNALLOCATED,0.00011143342554202664,illustrative
2 suppliers,Foreign income from Cypriot suppliers (P85),ZA,1.7692882823770333e-07,illustrative
2 suppliers,Foreign income from Cypriot suppliers (Q86),AT,1.204418714173163e-09,illustrative
2 suppliers,Foreign income from Cypriot suppliers (Q86),AU,3.441196326209037e-10,illustrative
2 suppliers,Foreign income from Cypriot suppliers (Q86),BE,2.580897244656777e-09,illustrative
2 suppliers,Foreign income from Cypriot suppliers (Q86),BR,1.7205981631045184e-10,illustrative
2 suppliers,Foreign income from Cypriot suppliers (Q86),CA,3.441196326209037e-10,illustrative
2 suppliers,Foreign income from Cypriot suppliers (Q86),CH,2.0647177957254218e-09,illustrative
2 suppliers,Foreign income from Cypriot suppliers (Q86),CONFIDENTIAL_PARTNERS,1.0465197664203524e-06,illustrative
2 suppliers,Cyprus suppliers' value added (Q86),CY,4.382987470130924e-05,illustrative
2 suppliers,Foreign income from Cypriot suppliers (Q86),CZ,6.882392652418074e-10,illustrative
2 suppliers,Foreign income from Cypriot suppliers (Q86),DE,5.0945880105786375e-08,illustrative
2 suppliers,Foreign income from Cypriot suppliers (Q86),DK,3.441196326209037e-10,illustrative
2 suppliers,Foreign income from Cypriot suppliers (Q86),EL,8.36210707268796e-08,illustrative
2 suppliers,Foreign income from Cypriot suppliers (Q86),ES,2.236777612035874e-09,illustrative
2 suppliers,Foreign income from Cypriot suppliers (Q86),FI,6.882392652418074e-10,illustrative
2 suppliers,Foreign income from Cypriot suppliers (Q86),FR,1.3764785304836147e-09,illustrative
2 suppliers,Foreign income from Cypriot suppliers (Q86),HU,1.7205981631045184e-10,illustrative
2 suppliers,Foreign income from Cypriot suppliers (Q86),IE,5.161794489313554e-10,illustrative
2 suppliers,Foreign income from Cypriot suppliers (Q86),IT,2.236777612035874e-09,illustrative
2 suppliers,Foreign income from Cypriot suppliers (Q86),JP,1.7205981631045184e-10,illustrative
2 suppliers,Foreign income from Cypriot suppliers (Q86),LV,1.7205981631045184e-10,illustrative
2 suppliers,Foreign income from Cypriot suppliers (Q86),NL,6.882392652418074e-10,illustrative
2 suppliers,Foreign income from Cypriot suppliers (Q86),PT,3.441196326209037e-10,illustrative
2 suppliers,Foreign income from Cypriot suppliers (Q86),RU,8.947110448143496e-09,illustrative
2 suppliers,Foreign income from Cypriot suppliers (Q86),SE,3.441196326209037e-10,illustrative
2 suppliers,Foreign income from Cypriot suppliers (Q86),SK,5.161794489313554e-10,illustrative
2 suppliers,Foreign income from Cypriot suppliers (Q86),UK,7.054452468728524e-09,illustrative
2 suppliers,Foreign income from Cypriot suppliers (Q86),US,2.236777612035874e-09,illustrative
2 suppliers,Foreign income from Cypriot suppliers (Q86),WORLD_UNALLOCATED,3.0726005965721113e-07,illustrative
2 suppliers,Foreign income from Cypriot suppliers (Q86),ZA,1.7205981631045184e-10,illustrative
2 suppliers,Foreign income from Cypriot suppliers (Q87-88),AT,2.936016728357192e-10,illustrative
2 suppliers,Foreign income from Cypriot suppliers (Q87-88),AU,8.388619223877691e-11,illustrative
2 suppliers,Foreign income from Cypriot suppliers (Q87-88),BE,6.291464417908267e-10,illustrative
2 suppliers,Foreign income from Cypriot suppliers (Q87-88),BR,4.1943096119388454e-11,illustrative
2 suppliers,Foreign income from Cypriot suppliers (Q87-88),CA,8.388619223877691e-11,illustrative
2 suppliers,Foreign income from Cypriot suppliers (Q87-88),CH,5.033171534326614e-10,illustrative
2 suppliers,Foreign income from Cypriot suppliers (Q87-88),CONFIDENTIAL_PARTNERS,5.15354822018926e-08,illustrative
2 suppliers,Cyprus suppliers' value added (Q87-88),CY,7.57239905153374e-06,illustrative
2 suppliers,Foreign income from Cypriot suppliers (Q87-88),CZ,1.6777238447755382e-10,illustrative
2 suppliers,Foreign income from Cypriot suppliers (Q87-88),DE,2.936016728357192e-10,illustrative
2 suppliers,Foreign income from Cypriot suppliers (Q87-88),DK,8.388619223877691e-11,illustrative
2 suppliers,Foreign income from Cypriot suppliers (Q87-88),EL,2.038434471402279e-08,illustrative
2 suppliers,Foreign income from Cypriot suppliers (Q87-88),ES,5.452602495520499e-10,illustrative
2 suppliers,Foreign income from Cypriot suppliers (Q87-88),FI,1.6777238447755382e-10,illustrative
2 suppliers,Foreign income from Cypriot suppliers (Q87-88),FR,3.3554476895510763e-10,illustrative
2 suppliers,Foreign income from Cypriot suppliers (Q87-88),HU,4.1943096119388454e-11,illustrative
2 suppliers,Foreign income from Cypriot suppliers (Q87-88),IE,1.2582928835816535e-10,illustrative
2 suppliers,Foreign income from Cypriot suppliers (Q87-88),IT,5.452602495520499e-10,illustrative
2 suppliers,Foreign income from Cypriot suppliers (Q87-88),JP,4.1943096119388454e-11,illustrative
2 suppliers,Foreign income from Cypriot suppliers (Q87-88),LV,4.1943096119388454e-11,illustrative
2 suppliers,Foreign income from Cypriot suppliers (Q87-88),NL,1.6777238447755382e-10,illustrative
2 suppliers,Foreign income from Cypriot suppliers (Q87-88),PT,8.388619223877691e-11,illustrative
2 suppliers,Foreign income from Cypriot suppliers (Q87-88),RU,2.1810409982081995e-09,illustrative
2 suppliers,Foreign income from Cypriot suppliers (Q87-88),SE,8.388619223877691e-11,illustrative
2 suppliers,Foreign income from Cypriot suppliers (Q87-88),SK,1.2582928835816535e-10,illustrative
2 suppliers,Foreign income from Cypriot suppliers (Q87-88),UK,1.7196669408949266e-09,illustrative
2 suppliers,Foreign income from Cypriot suppliers (Q87-88),US,5.452602495520499e-10,illustrative
2 suppliers,Foreign income from Cypriot suppliers (Q87-88),WORLD_UNALLOCATED,7.823151695734531e-09,illustrative
2 suppliers,Foreign income from Cypriot suppliers (Q87-88),ZA,4.1943096119388454e-11,illustrative
2 suppliers,Foreign income from Cypriot suppliers (R90-92),AT,4.794717309413182e-09,illustrative
2 suppliers,Foreign income from Cypriot suppliers (R90-92),AU,1.3699192312609093e-09,illustrative
2 suppliers,Foreign income from Cypriot suppliers (R90-92),BE,1.0274394234456819e-08,illustrative
2 suppliers,Foreign income from Cypriot suppliers (R90-92),BR,6.849596156304546e-10,illustrative
2 suppliers,Foreign income from Cypriot suppliers (R90-92),CA,1.3699192312609093e-09,illustrative
2 suppliers,Foreign income from Cypriot suppliers (R90-92),CH,8.219515387565457e-09,illustrative
2 suppliers,Foreign income from Cypriot suppliers (R90-92),CONFIDENTIAL_PARTNERS,8.416098797251403e-07,illustrative
2 suppliers,Cyprus suppliers' value added (R90-92),CY,0.00031695430610691926,illustrative
2 suppliers,Foreign income from Cypriot suppliers (R90-92),CZ,2.7398384625218186e-09,illustrative
2 suppliers,Foreign income from Cypriot suppliers (R90-92),DE,4.794717309413182e-09,illustrative
2 suppliers,Foreign income from Cypriot suppliers (R90-92),DK,1.3699192312609093e-09,illustrative
2 suppliers,Foreign income from Cypriot suppliers (R90-92),EL,7.390244455647268e-06,illustrative
2 suppliers,Foreign income from Cypriot suppliers (R90-92),ES,8.904475003195909e-09,illustrative
2 suppliers,Foreign income from Cypriot suppliers (R90-92),FI,2.7398384625218186e-09,illustrative
2 suppliers,Foreign income from Cypriot suppliers (R90-92),FR,5.479676925043637e-09,illustrative
2 suppliers,Foreign income from Cypriot suppliers (R90-92),HU,6.849596156304546e-10,illustrative
2 suppliers,Foreign income from Cypriot suppliers (R90-92),IE,2.054878846891364e-09,illustrative
2 suppliers,Foreign income from Cypriot suppliers (R90-92),IT,8.904475003195909e-09,illustrative
2 suppliers,Foreign income from Cypriot suppliers (R90-92),JP,6.849596156304546e-10,illustrative
2 suppliers,Foreign income from Cypriot suppliers (R90-92),LV,6.849596156304546e-10,illustrative
2 suppliers,Foreign income from Cypriot suppliers (R90-92),NL,2.7398384625218186e-09,illustrative
2 suppliers,Foreign income from Cypriot suppliers (R90-92),PT,1.3699192312609093e-09,illustrative
2 suppliers,Foreign income from Cypriot suppliers (R90-92),RU,3.5617900012783636e-08,illustrative
2 suppliers,Foreign income from Cypriot suppliers (R90-92),SE,1.3699192312609093e-09,illustrative
2 suppliers,Foreign income from Cypriot suppliers (R90-92),SK,2.054878846891364e-09,illustrative
2 suppliers,Foreign income from Cypriot suppliers (R90-92),UK,2.8083344240848635e-08,illustrative
2 suppliers,Foreign income from Cypriot suppliers (R90-92),US,8.904475003195909e-09,illustrative
2 suppliers,Foreign income from Cypriot suppliers (R90-92),WORLD_UNALLOCATED,3.120233018461547e-06,illustrative
2 suppliers,Foreign income from Cypriot suppliers (R90-92),ZA,6.849596156304546e-10,illustrative
2 suppliers,Foreign income from Cypriot suppliers (R93),AT,1.785831458948246e-08,illustrative
2 suppliers,Foreign income from Cypriot suppliers (R93),AU,5.102375596994987e-09,illustrative
2 suppliers,Foreign income from Cypriot suppliers (R93),BE,3.8267816977462406e-08,illustrative
2 suppliers,Foreign income from Cypriot suppliers (R93),BR,2.5511877984974937e-09,illustrative
2 suppliers,Foreign income from Cypriot suppliers (R93),CA,5.102375596994987e-09,illustrative
2 suppliers,Foreign income from Cypriot suppliers (R93),CH,3.0614253581969924e-08,illustrative
2 suppliers,Foreign income from Cypriot suppliers (R93),CONFIDENTIAL_PARTNERS,3.1346444480138718e-06,illustrative
2 suppliers,Cyprus suppliers' value added (R93),CY,0.0006749621734683507,illustrative
2 suppliers,Foreign income from Cypriot suppliers (R93),CZ,1.0204751193989975e-08,illustrative
2 suppliers,Foreign income from Cypriot suppliers (R93),DE,1.785831458948246e-08,illustrative
2 suppliers,Foreign income from Cypriot suppliers (R93),DK,5.102375596994987e-09,illustrative
2 suppliers,Foreign income from Cypriot suppliers (R93),EL,6.78958641195204e-06,illustrative
2 suppliers,Foreign income from Cypriot suppliers (R93),ES,3.316544138046742e-08,illustrative
2 suppliers,Foreign income from Cypriot suppliers (R93),FI,1.0204751193989975e-08,illustrative
2 suppliers,Foreign income from Cypriot suppliers (R93),FR,2.040950238797995e-08,illustrative
2 suppliers,Foreign income from Cypriot suppliers (R93),HU,2.5511877984974937e-09,illustrative
2 suppliers,Foreign income from Cypriot suppliers (R93),IE,7.653563395492481e-09,illustrative
2 suppliers,Foreign income from Cypriot suppliers (R93),IT,3.316544138046742e-08,illustrative
2 suppliers,Foreign income from Cypriot suppliers (R93),JP,2.5511877984974937e-09,illustrative
2 suppliers,Foreign income from Cypriot suppliers (R93),LV,2.5511877984974937e-09,illustrative
2 suppliers,Foreign income from Cypriot suppliers (R93),NL,1.0204751193989975e-08,illustrative
2 suppliers,Foreign income from Cypriot suppliers (R93),PT,5.102375596994987e-09,illustrative
2 suppliers,Foreign income from Cypriot suppliers (R93),RU,1.3266176552186967e-07,illustrative
2 suppliers,Foreign income from Cypriot suppliers (R93),SE,5.102375596994987e-09,illustrative
2 suppliers,Foreign income from Cypriot suppliers (R93),SK,7.653563395492481e-09,illustrative
2 suppliers,Foreign income from Cypriot suppliers (R93),UK,1.0459869973839726e-07,illustrative
2 suppliers,Foreign income from Cypriot suppliers (R93),US,3.316544138046742e-08,illustrative
2 suppliers,Foreign income from Cypriot suppliers (R93),WORLD_UNALLOCATED,2.4536654254628685e-06,illustrative
2 suppliers,Foreign income from Cypriot suppliers (R93),ZA,2.5511877984974937e-09,illustrative
2 suppliers,Foreign income from Cypriot suppliers (S94),AT,1.5469398653514998e-08,illustrative
2 suppliers,Foreign income from Cypriot suppliers (S94),AU,4.419828186718571e-09,illustrative
2 suppliers,Foreign income from Cypriot suppliers (S94),BE,3.314871140038928e-08,illustrative
2 suppliers,Foreign income from Cypriot suppliers (S94),BR,2.2099140933592856e-09,illustrative
2 suppliers,Foreign income from Cypriot suppliers (S94),CA,4.419828186718571e-09,illustrative
2 suppliers,Foreign income from Cypriot suppliers (S94),CH,2.6518969120311422e-08,illustrative
2 suppliers,Foreign income from Cypriot suppliers (S94),CONFIDENTIAL_PARTNERS,2.715321446510554e-06,illustrative
2 suppliers,Cyprus suppliers' value added (S94),CY,0.00035710233676361486,illustrative
2 suppliers,Foreign income from Cypriot suppliers (S94),CZ,8.839656373437142e-09,illustrative
2 suppliers,Foreign income from Cypriot suppliers (S94),DE,1.5469398653514998e-08,illustrative
2 suppliers,Foreign income from Cypriot suppliers (S94),DK,4.419828186718571e-09,illustrative
2 suppliers,Foreign income from Cypriot suppliers (S94),EL,1.0740182493726128e-06,illustrative
2 suppliers,Foreign income from Cypriot suppliers (S94),ES,2.8728883213670706e-08,illustrative
2 suppliers,Foreign income from Cypriot suppliers (S94),FI,8.839656373437142e-09,illustrative
2 suppliers,Foreign income from Cypriot suppliers (S94),FR,1.7679312746874285e-08,illustrative
2 suppliers,Foreign income from Cypriot suppliers (S94),HU,2.2099140933592856e-09,illustrative
2 suppliers,Foreign income from Cypriot suppliers (S94),IE,6.629742280077856e-09,illustrative
2 suppliers,Foreign income from Cypriot suppliers (S94),IT,2.8728883213670706e-08,illustrative
2 suppliers,Foreign income from Cypriot suppliers (S94),JP,2.2099140933592856e-09,illustrative
2 suppliers,Foreign income from Cypriot suppliers (S94),LV,2.2099140933592856e-09,illustrative
2 suppliers,Foreign income from Cypriot suppliers (S94),NL,8.839656373437142e-09,illustrative
2 suppliers,Foreign income from Cypriot suppliers (S94),PT,4.419828186718571e-09,illustrative
2 suppliers,Foreign income from Cypriot suppliers (S94),RU,1.1491553285468282e-07,illustrative
2 suppliers,Foreign income from Cypriot suppliers (S94),SE,4.419828186718571e-09,illustrative
2 suppliers,Foreign income from Cypriot suppliers (S94),SK,6.629742280077856e-09,illustrative
2 suppliers,Foreign income from Cypriot suppliers (S94),UK,9.060647782773069e-08,illustrative
2 suppliers,Foreign income from Cypriot suppliers (S94),US,2.8728883213670706e-08,illustrative
2 suppliers,Foreign income from Cypriot suppliers (S94),ZA,2.2099140933592856e-09,illustrative
2 suppliers,Foreign income from Cypriot suppliers (S95),AT,4.240731686777713e-08,illustrative
2 suppliers,Foreign income from Cypriot suppliers (S95),AU,1.2116376247936322e-08,illustrative
2 suppliers,Foreign income from Cypriot suppliers (S95),BE,9.08728218595224e-08,illustrative
2 suppliers,Foreign income from Cypriot suppliers (S95),BR,6.058188123968161e-09,illustrative
2 suppliers,Foreign income from Cypriot suppliers (S95),CA,1.2116376247936322e-08,illustrative
2 suppliers,Foreign income from Cypriot suppliers (S95),CH,7.269825748761794e-08,illustrative
2 suppliers,Foreign income from Cypriot suppliers (S95),CONFIDENTIAL_PARTNERS,7.44369574791968e-06,illustrative
2 suppliers,Cyprus suppliers' value added (S95),CY,0.0024042218837331862,illustrative
2 suppliers,Foreign income from Cypriot suppliers (S95),CZ,2.4232752495872645e-08,illustrative
2 suppliers,Foreign income from Cypriot suppliers (S95),DE,4.240731686777713e-08,illustrative
2 suppliers,Foreign income from Cypriot suppliers (S95),DK,1.2116376247936322e-08,illustrative
2 suppliers,Foreign income from Cypriot suppliers (S95),EL,2.944279428248526e-06,illustrative
2 suppliers,Foreign income from Cypriot suppliers (S95),ES,7.875644561158609e-08,illustrative
2 suppliers,Foreign income from Cypriot suppliers (S95),FI,2.4232752495872645e-08,illustrative
2 suppliers,Foreign income from Cypriot suppliers (S95),FR,4.846550499174529e-08,illustrative
2 suppliers,Foreign income from Cypriot suppliers (S95),HU,6.058188123968161e-09,illustrative
2 suppliers,Foreign income from Cypriot suppliers (S95),IE,1.8174564371904485e-08,illustrative
2 suppliers,Foreign income from Cypriot suppliers (S95),IT,7.875644561158609e-08,illustrative
2 suppliers,Foreign income from Cypriot suppliers (S95),JP,6.058188123968161e-09,illustrative
2 suppliers,Foreign income from Cypriot suppliers (S95),LV,6.058188123968161e-09,illustrative
2 suppliers,Foreign income from Cypriot suppliers (S95),NL,2.4232752495872645e-08,illustrative
2 suppliers,Foreign income from Cypriot suppliers (S95),PT,1.2116376247936322e-08,illustrative
2 suppliers,Foreign income from Cypriot suppliers (S95),RU,3.1502578244634436e-07,illustrative
2 suppliers,Foreign income from Cypriot suppliers (S95),SE,1.2116376247936322e-08,illustrative
2 suppliers,Foreign income from Cypriot suppliers (S95),SK,1.8174564371904485e-08,illustrative
2 suppliers,Foreign income from Cypriot suppliers (S95),UK,2.483857130826946e-07,illustrative
2 suppliers,Foreign income from Cypriot suppliers (S95),US,7.875644561158609e-08,illustrative
2 suppliers,Foreign income from Cypriot suppliers (S95),WORLD_UNALLOCATED,1.350417474599645e-05,illustrative
2 suppliers,Foreign income from Cypriot suppliers (S95),ZA,6.058188123968161e-09,illustrative
2 suppliers,Foreign income from Cypriot suppliers (S96),AT,7.618165118010055e-09,illustrative
2 suppliers,Foreign income from Cypriot suppliers (S96),AU,2.17661860514573e-09,illustrative
2 suppliers,Foreign income from Cypriot suppliers (S96),BE,1.6324639538592973e-08,illustrative
2 suppliers,Foreign income from Cypriot suppliers (S96),BR,1.088309302572865e-09,illustrative
2 suppliers,Foreign income from Cypriot suppliers (S96),CA,2.17661860514573e-09,illustrative
2 suppliers,Foreign income from Cypriot suppliers (S96),CH,1.3059711630874377e-08,illustrative
2 suppliers,Foreign income from Cypriot suppliers (S96),CONFIDENTIAL_PARTNERS,1.3372056400712793e-06,illustrative
2 suppliers,Cyprus suppliers' value added (S96),CY,0.0006657707842625274,illustrative
2 suppliers,Foreign income from Cypriot suppliers (S96),CZ,4.35323721029146e-09,illustrative
2 suppliers,Foreign income from Cypriot suppliers (S96),DE,7.618165118010055e-09,illustrative
2 suppliers,Foreign income from Cypriot suppliers (S96),DK,2.17661860514573e-09,illustrative
2 suppliers,Foreign income from Cypriot suppliers (S96),EL,5.289183210504124e-07,illustrative
2 suppliers,Foreign income from Cypriot suppliers (S96),ES,1.4148020933447242e-08,illustrative
2 suppliers,Foreign income from Cypriot suppliers (S96),FI,4.35323721029146e-09,illustrative
2 suppliers,Foreign income from Cypriot suppliers (S96),FR,8.70647442058292e-09,illustrative
2 suppliers,Foreign income from Cypriot suppliers (S96),HU,1.088309302572865e-09,illustrative
2 suppliers,Foreign income from Cypriot suppliers (S96),IE,3.2649279077185943e-09,illustrative
2 suppliers,Foreign income from Cypriot suppliers (S96),IT,1.4148020933447242e-08,illustrative
2 suppliers,Foreign income from Cypriot suppliers (S96),JP,1.088309302572865e-09,illustrative
2 suppliers,Foreign income from Cypriot suppliers (S96),LV,1.088309302572865e-09,illustrative
2 suppliers,Foreign income from Cypriot suppliers (S96),NL,4.35323721029146e-09,illustrative
2 suppliers,Foreign income from Cypriot suppliers (S96),PT,2.17661860514573e-09,illustrative
2 suppliers,Foreign income from Cypriot suppliers (S96),RU,5.659208373378897e-08,illustrative
2 suppliers,Foreign income from Cypriot suppliers (S96),SE,2.17661860514573e-09,illustrative
2 suppliers,Foreign income from Cypriot suppliers (S96),SK,3.2649279077185943e-09,illustrative
2 suppliers,Foreign income from Cypriot suppliers (S96),UK,4.462068140548746e-08,illustrative
2 suppliers,Foreign income from Cypriot suppliers (S96),US,1.4148020933447242e-08,illustrative
2 suppliers,Foreign income from Cypriot suppliers (S96),WORLD_UNALLOCATED,5.093020591327355e-06,illustrative
2 suppliers,Foreign income from Cypriot suppliers (S96),ZA,1.088309302572865e-09,illustrative
3 imports,Imported inputs (A01),AL,4.662173013806319e-08,illustrative
3 imports,Imported inputs (A01),AR,6.620285679604973e-07,illustrative
3 imports,Imported inputs (A01),AT,9.883806789269396e-07,illustrative
3 imports,Imported inputs (A01),AU,1.0256780630373901e-07,illustrative
3 imports,Imported inputs (A01),BE,1.0909484852306786e-06,illustrative
3 imports,Imported inputs (A01),BG,4.214604404480913e-05,illustrative
3 imports,Imported inputs (A01),BR,3.655143642824154e-06,illustrative
3 imports,Imported inputs (A01),CA,2.0233830879919426e-06,illustrative
3 imports,Imported inputs (A01),CH,1.1375702153687418e-06,illustrative
3 imports,Imported inputs (A01),CN,3.338115877885324e-06,illustrative
3 imports,Imported inputs (A01),CZ,1.3427058279762198e-06,illustrative
3 imports,Imported inputs (A01),DE,6.853394330295289e-06,illustrative
3 imports,Imported inputs (A01),DK,4.335820902839877e-06,illustrative
3 imports,Imported inputs (A01),EE,1.7716257452464014e-07,illustrative
3 imports,Imported inputs (A01),EL,8.963493836344028e-05,illustrative
3 imports,Imported inputs (A01),ES,8.513127923210337e-06,illustrative
3 imports,Imported inputs (A01),FI,1.0443267550926155e-06,illustrative
3 imports,Imported inputs (A01),FR,4.941903394634698e-06,illustrative
3 imports,Imported inputs (A01),HR,1.053651101120228e-06,illustrative
3 imports,Imported inputs (A01),HU,4.195955712425687e-06,illustrative
3 imports,Imported inputs (A01),ID,1.0256780630373901e-07,illustrative
3 imports,Imported inputs (A01),IE,2.135275240323294e-06,illustrative
3 imports,Imported inputs (A01),IN,1.8275718214120771e-06,illustrative
3 imports,Imported inputs (A01),IT,1.3613545200314451e-05,illustrative
3 imports,Imported inputs (A01),JP,3.077034189112171e-07,illustrative
3 imports,Imported inputs (A01),KR,2.0513561260747801e-07,illustrative
3 imports,Imported inputs (A01),LT,2.265816084709871e-06,illustrative
3 imports,Imported inputs (A01),LU,1.0256780630373901e-07,illustrative
3 imports,Imported inputs (A01),LV,6.43379875905272e-07,illustrative
3 imports,Imported inputs (A01),ME,4.662173013806319e-08,illustrative
3 imports,Imported inputs (A01),MK,1.0256780630373901e-07,illustrative
3 imports,Imported inputs (A01),MT,4.662173013806319e-08,illustrative
3 imports,Imported inputs (A01),MX,1.0256780630373901e-07,illustrative
3 imports,Imported inputs (A01),NL,2.9763312520139537e-05,illustrative
3 imports,Imported inputs (A01),NO,1.6783822849702748e-07,illustrative
3 imports,Imported inputs (A01),PL,1.612179428174225e-05,illustrative
3 imports,Imported inputs (A01),PT,6.247311838500468e-07,illustrative
3 imports,Imported inputs (A01),RO,3.8043331792659565e-05,illustrative
3 imports,Imported inputs (A01),RS,1.00329963257112e-05,illustrative
3 imports,Imported inputs (A01),RU,1.53478735614504e-05,illustrative
3 imports,Imported inputs (A01),SA,1.3054084438657694e-07,illustrative
3 imports,Imported inputs (A01),SE,6.527042219328848e-07,illustrative
3 imports,Imported inputs (A01),SI,4.755416474082446e-07,illustrative
3 imports,Imported inputs (A01),SK,3.4406836841890633e-06,illustrative
3 imports,Imported inputs (A01),TR,3.499427064163023e-05,illustrative
3 imports,Imported inputs (A01),UK,5.538661540401907e-06,illustrative
3 imports,Imported inputs (A01),US,3.3008184937748737e-06,illustrative
3 imports,Imported inputs (A01),ROW_FIGARO,0.00017939109322523956,illustrative
3 imports,Imported inputs (A01),ZA,7.459476822090111e-07,illustrative
3 imports,Imported inputs (A02),AT,2.788182772863453e-08,illustrative
3 imports,Imported inputs (A02),AU,1.9749627974449458e-08,illustrative
3 imports,Imported inputs (A02),BE,2.672008490660809e-08,illustrative
3 imports,Imported inputs (A02),BG,3.0670010501497985e-07,illustrative
3 imports,Imported inputs (A02),BR,4.298448441497823e-08,illustrative
3 imports,Imported inputs (A02),CA,7.78367690757714e-08,illustrative
3 imports,Imported inputs (A02),CH,3.369054183876672e-08,illustrative
3 imports,Imported inputs (A02),CN,1.1268905373656457e-07,illustrative
3 imports,Imported inputs (A02),CZ,6.157236956740125e-08,illustrative
3 imports,Imported inputs (A02),DE,9.642465422819442e-08,illustrative
3 imports,Imported inputs (A02),DK,1.1617428220264388e-08,illustrative
3 imports,Imported inputs (A02),EE,8.713071165198291e-08,illustrative
3 imports,Imported inputs (A02),EL,7.551328343171851e-08,illustrative
3 imports,Imported inputs (A02),ES,3.717577030484604e-08,illustrative
3 imports,Imported inputs (A02),FI,2.439659926255521e-07,illustrative
3 imports,Imported inputs (A02),FR,4.8793198525110435e-08,illustrative
3 imports,Imported inputs (A02),HU,5.576365545726906e-08,illustrative
3 imports,Imported inputs (A02),ID,5.808714110132194e-09,illustrative
3 imports,Imported inputs (A02),IE,8.132199754185072e-09,illustrative
3 imports,Imported inputs (A02),IN,2.033049938546268e-07,illustrative
3 imports,Imported inputs (A02),IT,3.0205313372687405e-08,illustrative
3 imports,Imported inputs (A02),JP,3.717577030484604e-08,illustrative
3 imports,Imported inputs (A02),KR,1.32438681711014e-07,illustrative
3 imports,Imported inputs (A02),LT,4.182274159295179e-08,illustrative
3 imports,Imported inputs (A02),LU,4.646971288105755e-09,illustrative
3 imports,Imported inputs (A02),LV,2.0911370796475896e-07,illustrative
3 imports,Imported inputs (A02),ME,2.3234856440528776e-08,illustrative
3 imports,Imported inputs (A02),MX,3.485228466079316e-09,illustrative
3 imports,Imported inputs (A02),NL,1.0571859680440592e-07,illustrative
3 imports,Imported inputs (A02),NO,2.2073113618502338e-08,illustrative
3 imports,Imported inputs (A02),PL,1.9517279410044174e-07,illustrative
3 imports,Imported inputs (A02),PT,1.1617428220264388e-08,illustrative
3 imports,Imported inputs (A02),RO,1.7774665177004513e-07,illustrative
3 imports,Imported inputs (A02),RS,2.4396599262555217e-08,illustrative
3 imports,Imported inputs (A02),RU,1.4254584426264403e-06,illustrative
3 imports,Imported inputs (A02),SA,3.485228466079316e-09,illustrative
3 imports,Imported inputs (A02),SE,5.460191263524262e-08,illustrative
3 imports,Imported inputs (A02),SI,3.369054183876672e-08,illustrative
3 imports,Imported inputs (A02),SK,4.995494134713687e-08,illustrative
3 imports,Imported inputs (A02),TR,1.4405610993127842e-07,illustrative
3 imports,Imported inputs (A02),UK,1.6148225226167495e-07,illustrative
3 imports,Imported inputs (A02),US,1.4405610993127842e-07,illustrative
3 imports,Imported inputs (A02),ROW_FIGARO,3.912749824585046e-06,illustrative
3 imports,Imported inputs (A02),ZA,1.1617428220264388e-09,illustrative
3 imports,Imported inputs (A03),AR,2.9362587244777367e-07,illustrative
3 imports,Imported inputs (A03),AT,3.1459914905118606e-08,illustrative
3 imports,Imported inputs (A03),AU,3.1459914905118606e-08,illustrative
3 imports,Imported inputs (A03),BE,4.1946553206824804e-08,illustrative
3 imports,Imported inputs (A03),BG,5.243319150853101e-08,illustrative
3 imports,Imported inputs (A03),BR,2.6216595754265507e-07,illustrative
3 imports,Imported inputs (A03),CA,1.0486638301706202e-07,illustrative
3 imports,Imported inputs (A03),CH,7.340646811194342e-08,illustrative
3 imports,Imported inputs (A03),CN,7.969845109296713e-07,illustrative
3 imports,Imported inputs (A03),CZ,7.340646811194342e-08,illustrative
3 imports,Imported inputs (A03),DE,1.2583965962047443e-07,illustrative
3 imports,Imported inputs (A03),DK,2.5167931924094885e-07,illustrative
3 imports,Imported inputs (A03),EE,1.5729957452559303e-07,illustrative
3 imports,Imported inputs (A03),EL,1.126264953603246e-05,illustrative
3 imports,Imported inputs (A03),ES,2.202194043358302e-07,illustrative
3 imports,Imported inputs (A03),FR,4.928720001801915e-07,illustrative
3 imports,Imported inputs (A03),HR,4.1946553206824804e-08,illustrative
3 imports,Imported inputs (A03),HU,3.1459914905118606e-08,illustrative
3 imports,Imported inputs (A03),ID,5.243319150853101e-08,illustrative
3 imports,Imported inputs (A03),IE,5.138452767836039e-07,illustrative
3 imports,Imported inputs (A03),IN,9.542840854552642e-07,illustrative
3 imports,Imported inputs (A03),IT,1.5729957452559303e-07,illustrative
3 imports,Imported inputs (A03),JP,1.4681293622388683e-07,illustrative
3 imports,Imported inputs (A03),KR,1.6778621282729922e-07,illustrative
3 imports,Imported inputs (A03),LT,6.291982981023721e-08,illustrative
3 imports,Imported inputs (A03),LV,8.179577875330837e-07,illustrative
3 imports,Imported inputs (A03),MT,8.284444258347898e-07,illustrative
3 imports,Imported inputs (A03),MX,1.0486638301706201e-08,illustrative
3 imports,Imported inputs (A03),NL,1.1535302131876822e-06,illustrative
3 imports,Imported inputs (A03),NO,1.2164500429979193e-06,illustrative
3 imports,Imported inputs (A03),PL,1.5729957452559303e-07,illustrative
3 imports,Imported inputs (A03),PT,6.921181279126093e-07,illustrative
3 imports,Imported inputs (A03),RO,5.243319150853101e-08,illustrative
3 imports,Imported inputs (A03),RS,3.1459914905118606e-08,illustrative
3 imports,Imported inputs (A03),RU,6.4178226406441946e-06,illustrative
3 imports,Imported inputs (A03),SA,1.0486638301706202e-07,illustrative
3 imports,Imported inputs (A03),SE,4.0897889376654185e-07,illustrative
3 imports,Imported inputs (A03),SI,2.0973276603412402e-08,illustrative
3 imports,Imported inputs (A03),SK,1.0486638301706201e-08,illustrative
3 imports,Imported inputs (A03),TR,2.443386724297545e-06,illustrative
3 imports,Imported inputs (A03),UK,1.2164500429979193e-06,illustrative
3 imports,Imported inputs (A03),US,1.6568888516695796e-06,illustrative
3 imports,Imported inputs (A03),ROW_FIGARO,8.74585634362297e-06,illustrative
3 imports,Imported inputs (A03),ZA,3.1459914905118606e-08,illustrative
3 imports,Imported inputs (B),AL,4.217844028469432e-08,illustrative
3 imports,Imported inputs (B),AR,2.108922014234716e-08,illustrative
3 imports,Imported inputs (B),AT,6.748550445551091e-07,illustrative
3 imports,Imported inputs (B),AU,1.1599071078290938e-06,illustrative
3 imports,Imported inputs (B),BE,8.435688056938864e-07,illustrative
3 imports,Imported inputs (B),BG,4.892699073024541e-06,illustrative
3 imports,Imported inputs (B),BR,5.019234393878624e-06,illustrative
3 imports,Imported inputs (B),CA,5.314483475871484e-06,illustrative
3 imports,Imported inputs (B),CH,2.530706417081659e-07,illustrative
3 imports,Imported inputs (B),CN,5.483197237010261e-07,illustrative
3 imports,Imported inputs (B),CZ,8.857472459785808e-07,illustrative
3 imports,Imported inputs (B),DE,2.087832794092369e-06,illustrative
3 imports,Imported inputs (B),DK,2.108922014234716e-07,illustrative
3 imports,Imported inputs (B),EE,2.3198142156581873e-07,illustrative
3 imports,Imported inputs (B),EL,7.71865457209906e-06,illustrative
3 imports,Imported inputs (B),ES,2.2987249955158404e-06,illustrative
3 imports,Imported inputs (B),FI,1.2864424286831768e-06,illustrative
3 imports,Imported inputs (B),HR,2.108922014234716e-07,illustrative
3 imports,Imported inputs (B),HU,5.27230503558679e-07,illustrative
3 imports,Imported inputs (B),ID,2.108922014234716e-08,illustrative
3 imports,Imported inputs (B),IE,1.7925837120995084e-06,illustrative
3 imports,Imported inputs (B),IN,1.476245409964301e-07,illustrative
3 imports,Imported inputs (B),IT,5.187948155017402e-06,illustrative
3 imports,Imported inputs (B),JP,4.6396284313163747e-07,illustrative
3 imports,Imported inputs (B),KR,4.217844028469432e-08,illustrative
3 imports,Imported inputs (B),LT,1.476245409964301e-07,illustrative
3 imports,Imported inputs (B),LV,1.5184238502489956e-06,illustrative
3 imports,Imported inputs (B),ME,4.217844028469432e-08,illustrative
3 imports,Imported inputs (B),MX,1.687137611387773e-07,illustrative
3 imports,Imported inputs (B),NL,2.847044719216867e-06,illustrative
3 imports,Imported inputs (B),NO,2.452676302554975e-05,illustrative
3 imports,Imported inputs (B),PL,3.397473364932128e-05,illustrative
3 imports,Imported inputs (B),PT,1.054461007117358e-07,illustrative
3 imports,Imported inputs (B),RS,2.7415986185051313e-07,illustrative
3 imports,Imported inputs (B),RU,9.040948675024227e-05,illustrative
3 imports,Imported inputs (B),SA,2.952490819928602e-07,illustrative
3 imports,Imported inputs (B),SE,2.7415986185051313e-07,illustrative
3 imports,Imported inputs (B),SI,2.7415986185051313e-07,illustrative
3 imports,Imported inputs (B),SK,2.7415986185051313e-07,illustrative
3 imports,Imported inputs (B),TR,6.326766042704147e-06,illustrative
3 imports,Imported inputs (B),UK,2.8196287330318154e-05,illustrative
3 imports,Imported inputs (B),US,7.149245628255688e-06,illustrative
3 imports,Imported inputs (B),ROW_FIGARO,0.0004673792967946977,illustrative
3 imports,Imported inputs (B),ZA,3.585167424199017e-07,illustrative
3 imports,Imported inputs (C10-12),AL,6.163619517611591e-08,illustrative
3 imports,Imported inputs (C10-12),AR,5.481512290995908e-05,illustrative
3 imports,Imported inputs (C10-12),AT,3.5091540453602e-05,illustrative
3 imports,Imported inputs (C10-12),AU,1.417632489050666e-06,illustrative
3 imports,Imported inputs (C10-12),BE,9.962463680299535e-05,illustrative
3 imports,Imported inputs (C10-12),BG,0.00013412036070322821,illustrative
3 imports,Imported inputs (C10-12),BR,1.8038859788209927e-05,illustrative
3 imports,Imported inputs (C10-12),CA,1.703213526700003e-05,illustrative
3 imports,Imported inputs (C10-12),CH,3.8728075968992835e-05,illustrative
3 imports,Imported inputs (C10-12),CN,2.2599938231242506e-05,illustrative
3 imports,Imported inputs (C10-12),CZ,2.0791943172743104e-05,illustrative
3 imports,Imported inputs (C10-12),DE,0.000204200714618472,illustrative
3 imports,Imported inputs (C10-12),DK,3.8440440391504295e-05,illustrative
3 imports,Imported inputs (C10-12),EE,4.006352686447534e-06,illustrative
3 imports,Imported inputs (C10-12),EL,0.0006278057386655246,illustrative
3 imports,Imported inputs (C10-12),ES,0.00010724697960644168,illustrative
3 imports,Imported inputs (C10-12),FI,7.70452439701449e-06,illustrative
3 imports,Imported inputs (C10-12),FR,6.570418405773957e-05,illustrative
3 imports,Imported inputs (C10-12),HR,5.13634959800966e-07,illustrative
3 imports,Imported inputs (C10-12),HU,4.2939882639360746e-05,illustrative
3 imports,Imported inputs (C10-12),ID,5.917074736907127e-06,illustrative
3 imports,Imported inputs (C10-12),IE,8.528394872535238e-05,illustrative
3 imports,Imported inputs (C10-12),IN,0.00011332841753048513,illustrative
3 imports,Imported inputs (C10-12),IT,0.0001970509159780426,illustrative
3 imports,Imported inputs (C10-12),JP,8.238704755207495e-06,illustrative
3 imports,Imported inputs (C10-12),KR,3.9447164912714185e-06,illustrative
3 imports,Imported inputs (C10-12),LT,1.041651698476359e-05,illustrative
3 imports,Imported inputs (C10-12),LU,1.4874868435835976e-05,illustrative
3 imports,Imported inputs (C10-12),LV,1.3005237182160458e-05,illustrative
3 imports,Imported inputs (C10-12),ME,1.8490858552834777e-07,illustrative
3 imports,Imported inputs (C10-12),MK,1.376541692266589e-06,illustrative
3 imports,Imported inputs (C10-12),MT,8.423613340735842e-07,illustrative
3 imports,Imported inputs (C10-12),MX,2.8969011732774474e-06,illustrative
3 imports,Imported inputs (C10-12),NL,0.00026277564543417413,illustrative
3 imports,Imported inputs (C10-12),NO,1.6354137120062754e-05,illustrative
3 imports,Imported inputs (C10-12),PL,0.00010492534958814133,illustrative
3 imports,Imported inputs (C10-12),PT,1.025215379762728e-05,illustrative
3 imports,Imported inputs (C10-12),RO,2.0401580603294368e-05,illustrative
3 imports,Imported inputs (C10-12),RS,3.011955404272864e-05,illustrative
3 imports,Imported inputs (C10-12),RU,0.00011281478257068417,illustrative
3 imports,Imported inputs (C10-12),SA,3.1229005555898727e-06,illustrative
3 imports,Imported inputs (C10-12),SE,2.0339944408118253e-05,illustrative
3 imports,Imported inputs (C10-12),SI,4.561078443032578e-06,illustrative
3 imports,Imported inputs (C10-12),SK,7.0717261265397e-05,illustrative
3 imports,Imported inputs (C10-12),TR,0.0002272115608175553,illustrative
3 imports,Imported inputs (C10-12),UK,0.00019322947187712337,illustrative
3 imports,Imported inputs (C10-12),US,3.881025756256098e-05,illustrative
3 imports,Imported inputs (C10-12),ROW_FIGARO,0.00041470886654329986,illustrative
3 imports,Imported inputs (C10-12),ZA,3.0818097588057955e-06,illustrative
3 imports,Imported inputs (C13-15),AR,2.3110328946251894e-07,illustrative
3 imports,Imported inputs (C13-15),AT,1.3692869900654249e-05,illustrative
3 imports,Imported inputs (C13-15),AU,1.328843914409484e-06,illustrative
3 imports,Imported inputs (C13-15),BE,1.531059292689188e-05,illustrative
3 imports,Imported inputs (C13-15),BG,1.0515199670544613e-05,illustrative
3 imports,Imported inputs (C13-15),BR,4.7376174339816385e-06,illustrative
3 imports,Imported inputs (C13-15),CA,1.2479577630976024e-05,illustrative
3 imports,Imported inputs (C13-15),CH,3.4087735195721547e-06,illustrative
3 imports,Imported inputs (C13-15),CN,0.00012404469061900704,illustrative
3 imports,Imported inputs (C13-15),CZ,4.2176350326909715e-06,illustrative
3 imports,Imported inputs (C13-15),DE,5.246044670799181e-05,illustrative
3 imports,Imported inputs (C13-15),DK,1.8488263157001516e-06,illustrative
3 imports,Imported inputs (C13-15),EE,1.6177230262376328e-06,illustrative
3 imports,Imported inputs (C13-15),EL,0.0002185659360091773,illustrative
3 imports,Imported inputs (C13-15),ES,0.0001200581588757786,illustrative
3 imports,Imported inputs (C13-15),FI,2.5421361840877087e-06,illustrative
3 imports,Imported inputs (C13-15),FR,1.8257159867538998e-05,illustrative
3 imports,Imported inputs (C13-15),HR,1.9066021380657817e-06,illustrative
3 imports,Imported inputs (C13-15),HU,4.102083387959712e-06,illustrative
3 imports,Imported inputs (C13-15),ID,1.559947203872003e-06,illustrative
3 imports,Imported inputs (C13-15),IE,2.0221537827970412e-06,illustrative
3 imports,Imported inputs (C13-15),IN,0.00019926881133905698,illustrative
3 imports,Imported inputs (C13-15),IT,0.0002306988587059596,illustrative
3 imports,Imported inputs (C13-15),JP,8.377494243016312e-06,illustrative
3 imports,Imported inputs (C13-15),KR,1.947045213721722e-05,illustrative
3 imports,Imported inputs (C13-15),LT,5.199824012906677e-06,illustrative
3 imports,Imported inputs (C13-15),LU,2.4265845393564494e-06,illustrative
3 imports,Imported inputs (C13-15),LV,2.4265845393564494e-06,illustrative
3 imports,Imported inputs (C13-15),ME,5.7775822365629736e-08,illustrative
3 imports,Imported inputs (C13-15),MK,5.199824012906677e-07,illustrative
3 imports,Imported inputs (C13-15),MT,3.4665493419377843e-07,illustrative
3 imports,Imported inputs (C13-15),MX,7.510856907531867e-07,illustrative
3 imports,Imported inputs (C13-15),NL,1.8430487334635887e-05,illustrative
3 imports,Imported inputs (C13-15),NO,2.888791118281487e-06,illustrative
3 imports,Imported inputs (C13-15),PL,2.3168104768617527e-05,illustrative
3 imports,Imported inputs (C13-15),PT,6.875322861509938e-06,illustrative
3 imports,Imported inputs (C13-15),RO,2.4843603617220786e-06,illustrative
3 imports,Imported inputs (C13-15),RS,2.3688087169908193e-06,illustrative
3 imports,Imported inputs (C13-15),RU,5.5407013648638914e-05,illustrative
3 imports,Imported inputs (C13-15),SA,2.5999120064533384e-06,illustrative
3 imports,Imported inputs (C13-15),SE,2.0221537827970412e-06,illustrative
3 imports,Imported inputs (C13-15),SI,4.275410855056601e-06,illustrative
3 imports,Imported inputs (C13-15),SK,4.0443075655940824e-06,illustrative
3 imports,Imported inputs (C13-15),TR,0.00020238870574680097,illustrative
3 imports,Imported inputs (C13-15),UK,6.176235410885819e-05,illustrative
3 imports,Imported inputs (C13-15),US,1.5021713815063733e-05,illustrative
3 imports,Imported inputs (C13-15),ROW_FIGARO,0.000261840026961034,illustrative
3 imports,Imported inputs (C13-15),ZA,2.3110328946251894e-07,illustrative
3 imports,Imported inputs (C16),AL,2.4307507702085145e-06,illustrative
3 imports,Imported inputs (C16),AR,1.772422436610375e-07,illustrative
3 imports,Imported inputs (C16),AT,2.083862379043341e-05,illustrative
3 imports,Imported inputs (C16),AU,1.6964614750413594e-06,illustrative
3 imports,Imported inputs (C16),BE,2.1319709880370514e-05,illustrative
3 imports,Imported inputs (C16),BG,8.059458022472606e-05,illustrative
3 imports,Imported inputs (C16),BR,7.773338400562646e-06,illustrative
3 imports,Imported inputs (C16),CA,1.9040881033300034e-05,illustrative
3 imports,Imported inputs (C16),CH,1.2812082184640714e-05,illustrative
3 imports,Imported inputs (C16),CN,7.834107169817859e-05,illustrative
3 imports,Imported inputs (C16),CZ,1.544539551903327e-05,illustrative
3 imports,Imported inputs (C16),DE,5.697072117676206e-05,illustrative
3 imports,Imported inputs (C16),DK,2.405430449685509e-06,illustrative
3 imports,Imported inputs (C16),EE,4.5880420787685716e-05,illustrative
3 imports,Imported inputs (C16),EL,3.623337866842067e-05,illustrative
3 imports,Imported inputs (C16),ES,2.3598538727440997e-05,illustrative
3 imports,Imported inputs (C16),FI,5.1906657072160984e-05,illustrative
3 imports,Imported inputs (C16),FR,1.5850520647401354e-05,illustrative
3 imports,Imported inputs (C16),HR,1.5698598724263323e-06,illustrative
3 imports,Imported inputs (C16),HU,1.9547287443760137e-05,illustrative
3 imports,Imported inputs (C16),ID,4.58297801466397e-06,illustrative
3 imports,Imported inputs (C16),IE,1.5850520647401354e-05,illustrative
3 imports,Imported inputs (C16),IN,1.7065896032505612e-05,illustrative
3 imports,Imported inputs (C16),IT,7.74801808003964e-05,illustrative
3 imports,Imported inputs (C16),JP,6.076876925521286e-06,illustrative
3 imports,Imported inputs (C16),KR,2.329469488116493e-06,illustrative
3 imports,Imported inputs (C16),LT,1.964856872585216e-05,illustrative
3 imports,Imported inputs (C16),LU,4.2031732068188905e-06,illustrative
3 imports,Imported inputs (C16),LV,4.284198232492507e-05,illustrative
3 imports,Imported inputs (C16),ME,8.102502567361715e-07,illustrative
3 imports,Imported inputs (C16),MK,1.0128128209202144e-07,illustrative
3 imports,Imported inputs (C16),MT,4.3044544889109115e-07,illustrative
3 imports,Imported inputs (C16),MX,1.4938989108573164e-06,illustrative
3 imports,Imported inputs (C16),NL,1.1495425517444435e-05,illustrative
3 imports,Imported inputs (C16),NO,7.4441742337635755e-06,illustrative
3 imports,Imported inputs (C16),PL,3.334686212879806e-05,illustrative
3 imports,Imported inputs (C16),PT,8.178463528930732e-06,illustrative
3 imports,Imported inputs (C16),RO,4.023398931105552e-05,illustrative
3 imports,Imported inputs (C16),RS,1.0507933017047224e-05,illustrative
3 imports,Imported inputs (C16),RU,6.692160714230317e-05,illustrative
3 imports,Imported inputs (C16),SA,3.975290322111842e-06,illustrative
3 imports,Imported inputs (C16),SE,7.363149208089959e-05,illustrative
3 imports,Imported inputs (C16),SI,1.0102807888679138e-05,illustrative
3 imports,Imported inputs (C16),SK,2.7320625844322783e-05,illustrative
3 imports,Imported inputs (C16),TR,0.00016751924058020344,illustrative
3 imports,Imported inputs (C16),UK,7.725229791568936e-05,illustrative
3 imports,Imported inputs (C16),US,3.904393424647427e-05,illustrative
3 imports,Imported inputs (C16),ROW_FIGARO,0.0004132782715764935,illustrative
3 imports,Imported inputs (C16),ZA,5.317267309831126e-07,illustrative
3 imports,Imported inputs (C17),AR,1.8186833606236463e-06,illustrative
3 imports,Imported inputs (C17),AT,0.0004601268902377825,illustrative
3 imports,Imported inputs (C17),AU,5.6985411966207584e-05,illustrative
3 imports,Imported inputs (C17),BE,0.00043466532318905146,illustrative
3 imports,Imported inputs (C17),BG,0.0003552494831084856,illustrative
3 imports,Imported inputs (C17),BR,7.274733442494585e-05,illustrative
3 imports,Imported inputs (C17),CA,0.00016428773024300273,illustrative
3 imports,Imported inputs (C17),CH,0.00015761922458738266,illustrative
3 imports,Imported inputs (C17),CN,0.001199724790224732,illustrative
3 imports,Imported inputs (C17),CZ,0.0004358777787628005,illustrative
3 imports,Imported inputs (C17),DE,0.003487628457889279,illustrative
3 imports,Imported inputs (C17),DK,0.00018974929729173378,illustrative
3 imports,Imported inputs (C17),EE,4.061726172059477e-05,illustrative
3 imports,Imported inputs (C17),EL,0.004233894863531848,illustrative
3 imports,Imported inputs (C17),ES,0.0003898044669603348,illustrative
3 imports,Imported inputs (C17),FI,0.0013118769307965236,illustrative
3 imports,Imported inputs (C17),FR,0.0005286306301546065,illustrative
3 imports,Imported inputs (C17),HR,5.456050081870939e-06,illustrative
3 imports,Imported inputs (C17),HU,0.0002012676252423502,illustrative
3 imports,Imported inputs (C17),ID,0.0006795813490863691,illustrative
3 imports,Imported inputs (C17),IE,0.00014731335221051535,illustrative
3 imports,Imported inputs (C17),IN,0.0003473685218791164,illustrative
3 imports,Imported inputs (C17),IT,0.002524332504545621,illustrative
3 imports,Imported inputs (C17),JP,0.00019459911958673014,illustrative
3 imports,Imported inputs (C17),KR,0.00018853684171798467,illustrative
3 imports,Imported inputs (C17),LT,0.00011518327950616426,illustrative
3 imports,Imported inputs (C17),LU,1.6974378032487367e-05,illustrative
3 imports,Imported inputs (C17),LV,7.274733442494585e-05,illustrative
3 imports,Imported inputs (C17),ME,1.8186833606236463e-06,illustrative
3 imports,Imported inputs (C17),MT,1.2124555737490975e-05,illustrative
3 imports,Imported inputs (C17),MX,2.1824200327483758e-05,illustrative
3 imports,Imported inputs (C17),NL,0.0006862498547419893,illustrative
3 imports,Imported inputs (C17),NO,0.00016065036352175542,illustrative
3 imports,Imported inputs (C17),PL,0.0006892809936763619,illustrative
3 imports,Imported inputs (C17),PT,0.0007577847335931859,illustrative
3 imports,Imported inputs (C17),RO,0.00019702403073422833,illustrative
3 imports,Imported inputs (C17),RS,0.0014834393944820209,illustrative
3 imports,Imported inputs (C17),RU,0.0014003861876802077,illustrative
3 imports,Imported inputs (C17),SA,0.00029644538778165433,illustrative
3 imports,Imported inputs (C17),SE,0.0011894189178478646,illustrative
3 imports,Imported inputs (C17),SI,0.00016731886917737543,illustrative
3 imports,Imported inputs (C17),SK,4.60733118024657e-05,illustrative
3 imports,Imported inputs (C17),TR,0.0031463222138789085,illustrative
3 imports,Imported inputs (C17),UK,0.0018162584494761482,illustrative
3 imports,Imported inputs (C17),US,0.000914797730393694,illustrative
3 imports,Imported inputs (C17),ROW_FIGARO,0.009688732489829037,illustrative
3 imports,Imported inputs (C17),ZA,1.2730783524365524e-05,illustrative
3 imports,Imported inputs (C18),AL,2.243797042519797e-09,illustrative
3 imports,Imported inputs (C18),AR,1.7950376340158376e-08,illustrative
3 imports,Imported inputs (C18),AT,3.5451993271812797e-07,illustrative
3 imports,Imported inputs (C18),AU,4.4875940850395944e-08,illustrative
3 imports,Imported inputs (C18),BE,2.0642932791182136e-07,illustrative
3 imports,Imported inputs (C18),BG,8.975188170079189e-08,illustrative
3 imports,Imported inputs (C18),BR,6.955770831811372e-08,illustrative
3 imports,Imported inputs (C18),CA,8.862998317953199e-07,illustrative
3 imports,Imported inputs (C18),CH,1.2565263438110865e-07,illustrative
3 imports,Imported inputs (C18),CN,8.997626140504388e-07,illustrative
3 imports,Imported inputs (C18),CZ,1.2116504029606906e-07,illustrative
3 imports,Imported inputs (C18),DE,5.183171168220732e-07,illustrative
3 imports,Imported inputs (C18),DK,3.5451993271812797e-07,illustrative
3 imports,Imported inputs (C18),EE,1.2565263438110865e-07,illustrative
3 imports,Imported inputs (C18),EL,1.505587815530784e-06,illustrative
3 imports,Imported inputs (C18),ES,3.4778854159056854e-07,illustrative
3 imports,Imported inputs (C18),FI,5.385112902047514e-08,illustrative
3 imports,Imported inputs (C18),FR,6.282631719055434e-08,illustrative
3 imports,Imported inputs (C18),HR,3.141315859527716e-08,illustrative
3 imports,Imported inputs (C18),HU,3.7471410610080615e-07,illustrative
3 imports,Imported inputs (C18),ID,5.8338723105514734e-08,illustrative
3 imports,Imported inputs (C18),IE,1.9969793678426193e-07,illustrative
3 imports,Imported inputs (C18),IN,6.978208802236569e-07,illustrative
3 imports,Imported inputs (C18),IT,6.21531780777984e-07,illustrative
3 imports,Imported inputs (C18),JP,4.711973789291574e-07,illustrative
3 imports,Imported inputs (C18),KR,4.218338439937219e-07,illustrative
3 imports,Imported inputs (C18),LT,6.282631719055432e-08,illustrative
3 imports,Imported inputs (C18),LU,1.1218985212598987e-07,illustrative
3 imports,Imported inputs (C18),LV,3.7830418136883777e-06,illustrative
3 imports,Imported inputs (C18),ME,8.975188170079188e-09,illustrative
3 imports,Imported inputs (C18),MK,2.243797042519797e-09,illustrative
3 imports,Imported inputs (C18),MT,4.958791463968752e-07,illustrative
3 imports,Imported inputs (C18),MX,2.1764831312442034e-07,illustrative
3 imports,Imported inputs (C18),NL,1.6289966528693727e-06,illustrative
3 imports,Imported inputs (C18),NO,5.8338723105514734e-08,illustrative
3 imports,Imported inputs (C18),PL,7.382092269890133e-07,illustrative
3 imports,Imported inputs (C18),PT,1.7950376340158376e-08,illustrative
3 imports,Imported inputs (C18),RS,4.038834676535635e-08,illustrative
3 imports,Imported inputs (C18),RU,2.005954556012699e-06,illustrative
3 imports,Imported inputs (C18),SA,9.648327282835129e-08,illustrative
3 imports,Imported inputs (C18),SE,8.75080846582721e-08,illustrative
3 imports,Imported inputs (C18),SI,1.2340883733858886e-07,illustrative
3 imports,Imported inputs (C18),SK,2.7374323918741526e-07,illustrative
3 imports,Imported inputs (C18),TR,9.154691933480774e-07,illustrative
3 imports,Imported inputs (C18),UK,1.7524054902079616e-06,illustrative
3 imports,Imported inputs (C18),US,3.3836459401198546e-06,illustrative
3 imports,Imported inputs (C18),ROW_FIGARO,7.943041530520083e-06,illustrative
3 imports,Imported inputs (C18),ZA,1.570657929763858e-08,illustrative
3 imports,Imported inputs (C19),AL,5.725793229356376e-08,illustrative
3 imports,Imported inputs (C19),AR,1.1451586458712752e-07,illustrative
3 imports,Imported inputs (C19),AT,1.7120121755775562e-05,illustrative
3 imports,Imported inputs (C19),AU,3.3782180053202616e-06,illustrative
3 imports,Imported inputs (C19),BE,0.00024351798604452666,illustrative
3 imports,Imported inputs (C19),BG,6.945387187209283e-05,illustrative
3 imports,Imported inputs (C19),BR,0.0003596943306681675,illustrative
3 imports,Imported inputs (C19),CA,8.24514225027318e-06,illustrative
3 imports,Imported inputs (C19),CH,7.443531198163289e-07,illustrative
3 imports,Imported inputs (C19),CN,0.0002963097996191924,illustrative
3 imports,Imported inputs (C19),CZ,6.298372552292014e-07,illustrative
3 imports,Imported inputs (C19),DE,0.00039101441963274687,illustrative
3 imports,Imported inputs (C19),DK,4.981440109540046e-06,illustrative
3 imports,Imported inputs (C19),EE,4.008055260549463e-07,illustrative
3 imports,Imported inputs (C19),EL,0.010282150449549006,illustrative
3 imports,Imported inputs (C19),ES,0.0010970619827446815,illustrative
3 imports,Imported inputs (C19),FI,1.620399483907854e-05,illustrative
3 imports,Imported inputs (C19),FR,0.0001366174264524431,illustrative
3 imports,Imported inputs (C19),HR,6.985467739814777e-06,illustrative
3 imports,Imported inputs (C19),HU,3.927894155338473e-05,illustrative
3 imports,Imported inputs (C19),ID,6.298372552292014e-07,illustrative
3 imports,Imported inputs (C19),IE,2.2158819797609175e-05,illustrative
3 imports,Imported inputs (C19),IN,0.00020338017550673845,illustrative
3 imports,Imported inputs (C19),IT,0.005150408267738353,illustrative
3 imports,Imported inputs (C19),JP,8.187884317979617e-06,illustrative
3 imports,Imported inputs (C19),KR,9.962880219080092e-06,illustrative
3 imports,Imported inputs (C19),LT,4.592086169943813e-05,illustrative
3 imports,Imported inputs (C19),LV,4.695150448072228e-06,illustrative
3 imports,Imported inputs (C19),MK,5.725793229356376e-08,illustrative
3 imports,Imported inputs (C19),MX,1.4887062396326577e-06,illustrative
3 imports,Imported inputs (C19),NL,0.0004542844348171348,illustrative
3 imports,Imported inputs (C19),NO,2.061285562568295e-06,illustrative
3 imports,Imported inputs (C19),PL,0.0001369609740462045,illustrative
3 imports,Imported inputs (C19),PT,9.504816760731584e-06,illustrative
3 imports,Imported inputs (C19),RO,0.0001557415758384934,illustrative
3 imports,Imported inputs (C19),RS,5.954824958530631e-06,illustrative
3 imports,Imported inputs (C19),RU,0.0009689759882039794,illustrative
3 imports,Imported inputs (C19),SA,1.9467696979811676e-05,illustrative
3 imports,Imported inputs (C19),SE,1.2024165781648389e-05,illustrative
3 imports,Imported inputs (C19),SK,5.49676150018212e-06,illustrative
3 imports,Imported inputs (C19),TR,0.006885037326571867,illustrative
3 imports,Imported inputs (C19),UK,0.00020721645697040724,illustrative
3 imports,Imported inputs (C19),US,7.735546652860464e-05,illustrative
3 imports,Imported inputs (C19),ROW_FIGARO,0.012084057578827457,illustrative
3 imports,Imported inputs (C19),ZA,1.1680618187887006e-05,illustrative
3 imports,Imported inputs (C20),AR,2.3607855509941484e-06,illustrative
3 imports,Imported inputs (C20),AT,0.0001930597961701881,illustrative
3 imports,Imported inputs (C20),AU,1.626318935129302e-05,illustrative
3 imports,Imported inputs (C20),BE,0.0017469813077356697,illustrative
3 imports,Imported inputs (C20),BG,0.0002731953501511562,illustrative
3 imports,Imported inputs (C20),BR,4.6953401514216944e-05,illustrative
3 imports,Imported inputs (C20),CA,0.00014230290682381392,illustrative
3 imports,Imported inputs (C20),CH,0.0002637522079471796,illustrative
3 imports,Imported inputs (C20),CN,0.000686070512069466,illustrative
3 imports,Imported inputs (C20),CZ,0.000223094234568947,illustrative
3 imports,Imported inputs (C20),DE,0.001466047827167366,illustrative
3 imports,Imported inputs (C20),DK,0.000334706929229837,illustrative
3 imports,Imported inputs (C20),EE,1.4689332317296922e-05,illustrative
3 imports,Imported inputs (C20),EL,0.004188820495980616,illustrative
3 imports,Imported inputs (C20),ES,0.002739691631928709,illustrative
3 imports,Imported inputs (C20),FI,0.00032106683493520415,illustrative
3 imports,Imported inputs (C20),FR,0.0008868684386568017,illustrative
3 imports,Imported inputs (C20),HR,3.8034878321572385e-06,illustrative
3 imports,Imported inputs (C20),HU,0.00013522055017083152,illustrative
3 imports,Imported inputs (C20),ID,6.295428135984395e-06,illustrative
3 imports,Imported inputs (C20),IE,0.0005606865683611103,illustrative
3 imports,Imported inputs (C20),IN,0.0006759715961013244,illustrative
3 imports,Imported inputs (C20),IT,0.0012615775675007062,illustrative
3 imports,Imported inputs (C20),JP,0.00020473256917232584,illustrative
3 imports,Imported inputs (C20),KR,0.00010885844485139683,illustrative
3 imports,Imported inputs (C20),LT,8.800483915094852e-05,illustrative
3 imports,Imported inputs (C20),LU,1.036122547380765e-05,illustrative
3 imports,Imported inputs (C20),LV,5.036342508787516e-05,illustrative
3 imports,Imported inputs (C20),ME,2.623095056660165e-07,illustrative
3 imports,Imported inputs (C20),MK,2.623095056660165e-07,illustrative
3 imports,Imported inputs (C20),MT,1.7050117868291071e-06,illustrative
3 imports,Imported inputs (C20),MX,1.849282014945416e-05,illustrative
3 imports,Imported inputs (C20),NL,0.0025429595026791965,illustrative
3 imports,Imported inputs (C20),NO,7.974208972246901e-05,illustrative
3 imports,Imported inputs (C20),PL,0.0003764141406307336,illustrative
3 imports,Imported inputs (C20),PT,4.4986080221721816e-05,illustrative
3 imports,Imported inputs (C20),RO,0.00010020223116441828,illustrative
3 imports,Imported inputs (C20),RS,6.04623410560168e-05,illustrative
3 imports,Imported inputs (C20),RU,0.002681983540682186,illustrative
3 imports,Imported inputs (C20),SA,0.00026480144596984363,illustrative
3 imports,Imported inputs (C20),SE,6.347890037117599e-05,illustrative
3 imports,Imported inputs (C20),SI,3.67233307932423e-05,illustrative
3 imports,Imported inputs (C20),SK,1.652549885695904e-05,illustrative
3 imports,Imported inputs (C20),TR,0.002379802990154934,illustrative
3 imports,Imported inputs (C20),UK,0.00073158121130252,illustrative
3 imports,Imported inputs (C20),US,0.00033064113189201376,illustrative
3 imports,Imported inputs (C20),ROW_FIGARO,0.004502936129015671,illustrative
3 imports,Imported inputs (C20),ZA,1.416471330596489e-05,illustrative
3 imports,Imported inputs (C21),AL,4.178550461112149e-09,illustrative
3 imports,Imported inputs (C21),AR,1.2535651383336445e-08,illustrative
3 imports,Imported inputs (C21),AT,1.2535651383336445e-06,illustrative
3 imports,Imported inputs (C21),AU,2.2982027536116817e-07,illustrative
3 imports,Imported inputs (C21),BE,6.213504535673765e-06,illustrative
3 imports,Imported inputs (C21),BG,8.39888642683542e-07,illustrative
3 imports,Imported inputs (C21),BR,2.1310607351671953e-07,illustrative
3 imports,Imported inputs (C21),CA,1.9639187167227093e-06,illustrative
3 imports,Imported inputs (C21),CH,6.169629755832087e-05,illustrative
3 imports,Imported inputs (C21),CN,1.0375340794941464e-05,illustrative
3 imports,Imported inputs (C21),CZ,3.3846258735008405e-07,illustrative
3 imports,Imported inputs (C21),DE,3.7974666590587205e-05,illustrative
3 imports,Imported inputs (C21),DK,2.423559267445046e-06,illustrative
3 imports,Imported inputs (C21),EE,3.342840368889719e-08,illustrative
3 imports,Imported inputs (C21),EL,3.5592892827753286e-05,illustrative
3 imports,Imported inputs (C21),ES,4.918153892728999e-06,illustrative
3 imports,Imported inputs (C21),FI,2.757843304334018e-07,illustrative
3 imports,Imported inputs (C21),FR,4.433442039239989e-06,illustrative
3 imports,Imported inputs (C21),HR,8.357100922224297e-09,illustrative
3 imports,Imported inputs (C21),HU,2.260595799461672e-06,illustrative
3 imports,Imported inputs (C21),ID,8.774955968335514e-08,illustrative
3 imports,Imported inputs (C21),IE,3.187816146782458e-05,illustrative
3 imports,Imported inputs (C21),IN,1.0458911804163706e-05,illustrative
3 imports,Imported inputs (C21),IT,8.837634225252193e-06,illustrative
3 imports,Imported inputs (C21),JP,2.3984879646783734e-06,illustrative
3 imports,Imported inputs (C21),KR,5.264973581001307e-07,illustrative
3 imports,Imported inputs (C21),LT,2.0057042213338312e-07,illustrative
3 imports,Imported inputs (C21),LU,8.357100922224297e-09,illustrative
3 imports,Imported inputs (C21),LV,7.730318353057475e-07,illustrative
3 imports,Imported inputs (C21),ME,4.178550461112149e-08,illustrative
3 imports,Imported inputs (C21),MK,5.014260553334578e-08,illustrative
3 imports,Imported inputs (C21),MT,2.465344772056168e-07,illustrative
3 imports,Imported inputs (C21),MX,1.8803477075004668e-07,illustrative
3 imports,Imported inputs (C21),NL,1.3555217695847809e-05,illustrative
3 imports,Imported inputs (C21),NO,2.25641724900056e-07,illustrative
3 imports,Imported inputs (C21),PL,2.8288786621729243e-06,illustrative
3 imports,Imported inputs (C21),PT,3.342840368889719e-07,illustrative
3 imports,Imported inputs (C21),RO,1.796776698278224e-07,illustrative
3 imports,Imported inputs (C21),RS,3.0503418366118683e-07,illustrative
3 imports,Imported inputs (C21),RU,1.0596803969380409e-05,illustrative
3 imports,Imported inputs (C21),SA,4.51283449800112e-07,illustrative
3 imports,Imported inputs (C21),SE,1.1048087419180522e-05,illustrative
3 imports,Imported inputs (C21),SI,1.320421945711439e-06,illustrative
3 imports,Imported inputs (C21),SK,5.014260553334578e-08,illustrative
3 imports,Imported inputs (C21),TR,8.123102096402016e-06,illustrative
3 imports,Imported inputs (C21),UK,2.0942894911094086e-05,illustrative
3 imports,Imported inputs (C21),US,4.032301194973223e-06,illustrative
3 imports,Imported inputs (C21),ROW_FIGARO,5.034317595547917e-05,illustrative
3 imports,Imported inputs (C21),ZA,1.2535651383336445e-08,illustrative
3 imports,Imported inputs (C22),AR,8.6329171386264e-07,illustrative
3 imports,Imported inputs (C22),AT,0.00012237160044002924,illustrative
3 imports,Imported inputs (C22),AU,1.0791146423283e-05,illustrative
3 imports,Imported inputs (C22),BE,0.00015204725310405748,illustrative
3 imports,Imported inputs (C22),BG,0.00014729914867781297,illustrative
3 imports,Imported inputs (C22),BR,2.093482406116902e-05,illustrative
3 imports,Imported inputs (C22),CA,5.6545607258002924e-05,illustrative
3 imports,Imported inputs (C22),CH,0.00018301784333887966,illustrative
3 imports,Imported inputs (C22),CN,0.0006586915776771944,illustrative
3 imports,Imported inputs (C22),CZ,0.00012528520997431565,illustrative
3 imports,Imported inputs (C22),DE,0.0008400907490525815,illustrative
3 imports,Imported inputs (C22),DK,2.751742337937165e-05,illustrative
3 imports,Imported inputs (C22),EE,1.4999693528363373e-05,illustrative
3 imports,Imported inputs (C22),EL,0.0014807611122028932,illustrative
3 imports,Imported inputs (C22),ES,0.0002445273779515928,illustrative
3 imports,Imported inputs (C22),FI,5.9890862649220656e-05,illustrative
3 imports,Imported inputs (C22),FR,0.0001701763790951729,illustrative
3 imports,Imported inputs (C22),HR,4.3164585693132e-06,illustrative
3 imports,Imported inputs (C22),HU,0.0001416877525377058,illustrative
3 imports,Imported inputs (C22),ID,6.895542564477838e-05,illustrative
3 imports,Imported inputs (C22),IE,9.334341656139796e-05,illustrative
3 imports,Imported inputs (C22),IN,0.0002925479795352022,illustrative
3 imports,Imported inputs (C22),IT,0.0012531758341358548,illustrative
3 imports,Imported inputs (C22),JP,0.00012032128261960545,illustrative
3 imports,Imported inputs (C22),KR,7.683296253377496e-05,illustrative
3 imports,Imported inputs (C22),LT,4.273293983620068e-05,illustrative
3 imports,Imported inputs (C22),LU,9.194056752637116e-05,illustrative
3 imports,Imported inputs (C22),LV,2.3308876274291282e-05,illustrative
3 imports,Imported inputs (C22),ME,3.2373439269849e-07,illustrative
3 imports,Imported inputs (C22),MK,8.95665153132489e-06,illustrative
3 imports,Imported inputs (C22),MT,1.1006969351748661e-05,illustrative
3 imports,Imported inputs (C22),MX,6.79842224666829e-06,illustrative
3 imports,Imported inputs (C22),NL,0.0003293457888385972,illustrative
3 imports,Imported inputs (C22),NO,2.838071509323429e-05,illustrative
3 imports,Imported inputs (C22),PL,0.00029233215660673644,illustrative
3 imports,Imported inputs (C22),PT,0.00011233583426637602,illustrative
3 imports,Imported inputs (C22),RO,0.00015701118045876764,illustrative
3 imports,Imported inputs (C22),RS,0.0002286643927093668,illustrative
3 imports,Imported inputs (C22),RU,0.0004096319182278227,illustrative
3 imports,Imported inputs (C22),SA,5.9675039720755e-05,illustrative
3 imports,Imported inputs (C22),SE,3.4207934161807106e-05,illustrative
3 imports,Imported inputs (C22),SI,3.248135073408183e-05,illustrative
3 imports,Imported inputs (C22),SK,6.517852439662933e-05,illustrative
3 imports,Imported inputs (C22),TR,0.0014262658227653141,illustrative
3 imports,Imported inputs (C22),UK,0.0008837948920668776,illustrative
3 imports,Imported inputs (C22),US,0.00017557195230681442,illustrative
3 imports,Imported inputs (C22),ROW_FIGARO,0.003603811259519591,illustrative
3 imports,Imported inputs (C22),ZA,2.3956345059688263e-05,illustrative
3 imports,Imported inputs (C23),AL,8.527850448415203e-07,illustrative
3 imports,Imported inputs (C23),AR,1.7557339158501886e-07,illustrative
3 imports,Imported inputs (C23),AT,1.6528980722075346e-05,illustrative
3 imports,Imported inputs (C23),AU,2.257372177521671e-06,illustrative
3 imports,Imported inputs (C23),BE,5.6735287395044664e-05,illustrative
3 imports,Imported inputs (C23),BG,4.928595920922316e-05,illustrative
3 imports,Imported inputs (C23),BR,6.019659140057789e-06,illustrative
3 imports,Imported inputs (C23),CA,1.1161451322190485e-05,illustrative
3 imports,Imported inputs (C23),CH,9.305389754006e-06,illustrative
3 imports,Imported inputs (C23),CN,0.0002533774859702658,illustrative
3 imports,Imported inputs (C23),CZ,3.742221432069259e-05,illustrative
3 imports,Imported inputs (C23),DE,8.761112240092442e-05,illustrative
3 imports,Imported inputs (C23),DK,3.5365497447839514e-06,illustrative
3 imports,Imported inputs (C23),EE,3.310812527031783e-06,illustrative
3 imports,Imported inputs (C23),EL,0.00022521049757741207,illustrative
3 imports,Imported inputs (C23),ES,0.00026428811816162057,illustrative
3 imports,Imported inputs (C23),FI,5.0665464428819724e-06,illustrative
3 imports,Imported inputs (C23),FR,2.6486500216254272e-05,illustrative
3 imports,Imported inputs (C23),HR,1.7055700896830402e-06,illustrative
3 imports,Imported inputs (C23),HU,2.0767824033199375e-05,illustrative
3 imports,Imported inputs (C23),ID,1.830979655100911e-06,illustrative
3 imports,Imported inputs (C23),IE,2.7213875695677926e-05,illustrative
3 imports,Imported inputs (C23),IN,4.833284651204733e-05,illustrative
3 imports,Imported inputs (C23),IT,0.00047921503137476716,illustrative
3 imports,Imported inputs (C23),JP,8.57801427458235e-06,illustrative
3 imports,Imported inputs (C23),KR,5.317365573717714e-06,illustrative
3 imports,Imported inputs (C23),LT,4.740481572795509e-06,illustrative
3 imports,Imported inputs (C23),LU,1.1412270453026224e-05,illustrative
3 imports,Imported inputs (C23),LV,8.201785578328739e-06,illustrative
3 imports,Imported inputs (C23),ME,1.2540956541787062e-07,illustrative
3 imports,Imported inputs (C23),MK,1.5049147850144473e-07,illustrative
3 imports,Imported inputs (C23),MT,1.3795052195965768e-06,illustrative
3 imports,Imported inputs (C23),MX,1.7055700896830402e-06,illustrative
3 imports,Imported inputs (C23),NL,2.004044855377572e-05,illustrative
3 imports,Imported inputs (C23),NO,9.606372711008887e-06,illustrative
3 imports,Imported inputs (C23),PL,3.416156561982796e-05,illustrative
3 imports,Imported inputs (C23),PT,2.5734042823747052e-05,illustrative
3 imports,Imported inputs (C23),RO,6.859903228357523e-05,illustrative
3 imports,Imported inputs (C23),RS,8.603096187665924e-06,illustrative
3 imports,Imported inputs (C23),RU,9.174963805971413e-05,illustrative
3 imports,Imported inputs (C23),SA,6.370805923227828e-06,illustrative
3 imports,Imported inputs (C23),SE,4.790645398962658e-06,illustrative
3 imports,Imported inputs (C23),SI,5.5431027914698805e-06,illustrative
3 imports,Imported inputs (C23),SK,1.0609649234351853e-05,illustrative
3 imports,Imported inputs (C23),TR,0.0004366761067850255,illustrative
3 imports,Imported inputs (C23),UK,0.00010017716085579503,illustrative
3 imports,Imported inputs (C23),US,4.725432424945365e-05,illustrative
3 imports,Imported inputs (C23),ROW_FIGARO,0.0005825023494529254,illustrative
3 imports,Imported inputs (C23),ZA,7.775393055907978e-07,illustrative
3 imports,Imported inputs (C24),AL,1.3794158443125092e-07,illustrative
3 imports,Imported inputs (C24),AR,2.7588316886250184e-07,illustrative
3 imports,Imported inputs (C24),AT,5.690090357789101e-05,illustrative
3 imports,Imported inputs (C24),AU,1.0000764871265692e-05,illustrative
3 imports,Imported inputs (C24),BE,8.807570165935372e-05,illustrative
3 imports,Imported inputs (C24),BG,0.000723572581134127,illustrative
3 imports,Imported inputs (C24),BR,3.965820552398465e-05,illustrative
3 imports,Imported inputs (C24),CA,2.1036091625765768e-05,illustrative
3 imports,Imported inputs (C24),CH,1.006973566348132e-05,illustrative
3 imports,Imported inputs (C24),CN,0.0006028047239645665,illustrative
3 imports,Imported inputs (C24),CZ,2.993332382158145e-05,illustrative
3 imports,Imported inputs (C24),DE,0.00027312433717387684,illustrative
3 imports,Imported inputs (C24),DK,8.414436650306307e-06,illustrative
3 imports,Imported inputs (C24),EE,4.276189117368779e-06,illustrative
3 imports,Imported inputs (C24),EL,0.004317433651113723,illustrative
3 imports,Imported inputs (C24),ES,0.0002716759505373487,illustrative
3 imports,Imported inputs (C24),FI,2.400183569103766e-05,illustrative
3 imports,Imported inputs (C24),FR,0.00013938997106777905,illustrative
3 imports,Imported inputs (C24),HR,6.897079221562547e-07,illustrative
3 imports,Imported inputs (C24),HU,3.952026393955339e-05,illustrative
3 imports,Imported inputs (C24),ID,4.827955455093783e-07,illustrative
3 imports,Imported inputs (C24),IE,2.7933170847328315e-05,illustrative
3 imports,Imported inputs (C24),IN,0.0003551995799104711,illustrative
3 imports,Imported inputs (C24),IT,0.002578335125396727,illustrative
3 imports,Imported inputs (C24),JP,3.627863670541899e-05,illustrative
3 imports,Imported inputs (C24),KR,2.1036091625765768e-05,illustrative
3 imports,Imported inputs (C24),LT,1.7242698053906368e-06,illustrative
3 imports,Imported inputs (C24),LU,4.214115404374716e-05,illustrative
3 imports,Imported inputs (C24),LV,8.276495065875056e-06,illustrative
3 imports,Imported inputs (C24),ME,1.3794158443125094e-06,illustrative
3 imports,Imported inputs (C24),MK,8.276495065875056e-06,illustrative
3 imports,Imported inputs (C24),MT,9.862823286834442e-06,illustrative
3 imports,Imported inputs (C24),MX,1.0966355962284449e-05,illustrative
3 imports,Imported inputs (C24),NL,9.455895612762251e-05,illustrative
3 imports,Imported inputs (C24),NO,3.889952680961276e-05,illustrative
3 imports,Imported inputs (C24),PL,0.0002229825712331171,illustrative
3 imports,Imported inputs (C24),PT,1.8966967859297005e-05,illustrative
3 imports,Imported inputs (C24),RO,4.027894265392527e-05,illustrative
3 imports,Imported inputs (C24),RS,2.7588316886250185e-05,illustrative
3 imports,Imported inputs (C24),RU,0.000375476992821865,illustrative
3 imports,Imported inputs (C24),SA,4.8900291680878455e-05,illustrative
3 imports,Imported inputs (C24),SE,1.6966814885043866e-05,illustrative
3 imports,Imported inputs (C24),SI,1.1311209923362577e-05,illustrative
3 imports,Imported inputs (C24),SK,2.6208901041937677e-05,illustrative
3 imports,Imported inputs (C24),TR,0.0013732774438053187,illustrative
3 imports,Imported inputs (C24),UK,0.0003060923758529458,illustrative
3 imports,Imported inputs (C24),US,0.00012421639678034146,illustrative
3 imports,Imported inputs (C24),ROW_FIGARO,0.002739175012843565,illustrative
3 imports,Imported inputs (C24),ZA,9.655910910187566e-07,illustrative
3 imports,Imported inputs (C25),AL,2.768381228628992e-07,illustrative
3 imports,Imported inputs (C25),AR,1.8455874857526612e-07,illustrative
3 imports,Imported inputs (C25),AT,9.892348923634266e-05,illustrative
3 imports,Imported inputs (C25),AU,7.428489630154462e-06,illustrative
3 imports,Imported inputs (C25),BE,4.581670933380982e-05,illustrative
3 imports,Imported inputs (C25),BG,5.186100834964978e-05,illustrative
3 imports,Imported inputs (C25),BR,1.0658267730221617e-05,illustrative
3 imports,Imported inputs (C25),CA,6.298067295130957e-05,illustrative
3 imports,Imported inputs (C25),CH,4.757001744527484e-05,illustrative
3 imports,Imported inputs (C25),CN,0.0009270385940935617,illustrative
3 imports,Imported inputs (C25),CZ,4.4155680596632424e-05,illustrative
3 imports,Imported inputs (C25),DE,0.0003175794666108892,illustrative
3 imports,Imported inputs (C25),DK,1.4026464891720224e-05,illustrative
3 imports,Imported inputs (C25),EE,9.597054925913838e-06,illustrative
3 imports,Imported inputs (C25),EL,0.0006579519386708237,illustrative
3 imports,Imported inputs (C25),ES,0.00011724094503243781,illustrative
3 imports,Imported inputs (C25),FI,1.1904039283104665e-05,illustrative
3 imports,Imported inputs (C25),FR,5.956633610266714e-05,illustrative
3 imports,Imported inputs (C25),HR,8.858819931612774e-06,illustrative
3 imports,Imported inputs (C25),HU,3.8019102206504825e-05,illustrative
3 imports,Imported inputs (C25),ID,1.2088598031679931e-05,illustrative
3 imports,Imported inputs (C25),IE,4.0233807189408026e-05,illustrative
3 imports,Imported inputs (C25),IN,8.083673187596657e-05,illustrative
3 imports,Imported inputs (C25),IT,0.0006901113006100638,illustrative
3 imports,Imported inputs (C25),JP,1.3888045830288776e-05,illustrative
3 imports,Imported inputs (C25),KR,1.808675736037608e-05,illustrative
3 imports,Imported inputs (C25),LT,2.0301462343279273e-05,illustrative
3 imports,Imported inputs (C25),LU,8.90495961875659e-06,illustrative
3 imports,Imported inputs (C25),LV,1.707168424321212e-05,illustrative
3 imports,Imported inputs (C25),ME,2.3069843571908267e-07,illustrative
3 imports,Imported inputs (C25),MK,5.99815932869615e-07,illustrative
3 imports,Imported inputs (C25),MT,5.99815932869615e-07,illustrative
3 imports,Imported inputs (C25),MX,4.567829027237837e-06,illustrative
3 imports,Imported inputs (C25),NL,0.00011871741502103994,illustrative
3 imports,Imported inputs (C25),NO,8.71117293275256e-05,illustrative
3 imports,Imported inputs (C25),PL,0.00018645047574816263,illustrative
3 imports,Imported inputs (C25),PT,4.143343905514725e-05,illustrative
3 imports,Imported inputs (C25),RO,9.172569804190727e-05,illustrative
3 imports,Imported inputs (C25),RS,1.974778609755348e-05,illustrative
3 imports,Imported inputs (C25),RU,0.0002794219453429529,illustrative
3 imports,Imported inputs (C25),SA,7.659188065873546e-06,illustrative
3 imports,Imported inputs (C25),SE,2.6761018543413587e-05,illustrative
3 imports,Imported inputs (C25),SI,2.4869291370517112e-05,illustrative
3 imports,Imported inputs (C25),SK,1.6379588936054872e-05,illustrative
3 imports,Imported inputs (C25),TR,0.0006558756527493521,illustrative
3 imports,Imported inputs (C25),UK,0.0003431869929757074,illustrative
3 imports,Imported inputs (C25),US,0.000135050864269951,illustrative
3 imports,Imported inputs (C25),ROW_FIGARO,0.0014795152079536207,illustrative
3 imports,Imported inputs (C25),ZA,2.4454034186222764e-06,illustrative
3 imports,Imported inputs (C26),AR,7.215567054474789e-07,illustrative
3 imports,Imported inputs (C26),AT,0.0012179877187953442,illustrative
3 imports,Imported inputs (C26),AU,0.00011184128934435921,illustrative
3 imports,Imported inputs (C26),BE,0.00029150890900078144,illustrative
3 imports,Imported inputs (C26),BG,0.0008961734281657687,illustrative
3 imports,Imported inputs (C26),BR,6.926944372295796e-05,illustrative
3 imports,Imported inputs (C26),CA,0.0005808531478852204,illustrative
3 imports,Imported inputs (C26),CH,0.0018854276713342621,illustrative
3 imports,Imported inputs (C26),CN,0.004524882099861139,illustrative
3 imports,Imported inputs (C26),CZ,0.000694859107345922,illustrative
3 imports,Imported inputs (C26),DE,0.006074064346456875,illustrative
3 imports,Imported inputs (C26),DK,0.000289344238884439,illustrative
3 imports,Imported inputs (C26),EE,0.0004877723328824957,illustrative
3 imports,Imported inputs (C26),EL,0.00229238565320664,illustrative
3 imports,Imported inputs (C26),ES,0.00016956582578015752,illustrative
3 imports,Imported inputs (C26),FI,0.0018493498360618883,illustrative
3 imports,Imported inputs (C26),FR,0.0014113649158552686,illustrative
3 imports,Imported inputs (C26),HR,1.876047434163445e-05,illustrative
3 imports,Imported inputs (C26),HU,0.000696302220756817,illustrative
3 imports,Imported inputs (C26),ID,5.483830961400839e-05,illustrative
3 imports,Imported inputs (C26),IE,0.02479268839917537,illustrative
3 imports,Imported inputs (C26),IN,0.0006082723026922246,illustrative
3 imports,Imported inputs (C26),IT,0.0018226522379603317,illustrative
3 imports,Imported inputs (C26),JP,0.0015975265458607181,illustrative
3 imports,Imported inputs (C26),KR,0.0008824638507622666,illustrative
3 imports,Imported inputs (C26),LT,0.00028790112547354406,illustrative
3 imports,Imported inputs (C26),LU,4.545807244319116e-05,illustrative
3 imports,Imported inputs (C26),LV,0.0003376885381494201,illustrative
3 imports,Imported inputs (C26),MK,7.215567054474789e-07,illustrative
3 imports,Imported inputs (C26),MT,8.80299180645924e-05,illustrative
3 imports,Imported inputs (C26),MX,0.00015513469167120793,illustrative
3 imports,Imported inputs (C26),NL,0.0015578409270611067,illustrative
3 imports,Imported inputs (C26),NO,0.0003961346312906659,illustrative
3 imports,Imported inputs (C26),PL,0.000982760232819466,illustrative
3 imports,Imported inputs (C26),PT,7.648501077743276e-05,illustrative
3 imports,Imported inputs (C26),RO,0.00011977841310428149,illustrative
3 imports,Imported inputs (C26),RS,0.00011111973263891173,illustrative
3 imports,Imported inputs (C26),RU,0.0015195984216723904,illustrative
3 imports,Imported inputs (C26),SA,3.6077835272373938e-06,illustrative
3 imports,Imported inputs (C26),SE,0.00018544007330000207,illustrative
3 imports,Imported inputs (C26),SI,0.00017245205260194745,illustrative
3 imports,Imported inputs (C26),SK,0.0004516944976101217,illustrative
3 imports,Imported inputs (C26),TR,0.0026740891503883564,illustrative
3 imports,Imported inputs (C26),UK,0.0013990984518626615,illustrative
3 imports,Imported inputs (C26),US,0.0015058888442688882,illustrative
3 imports,Imported inputs (C26),ROW_FIGARO,0.01103837447993553,illustrative
3 imports,Imported inputs (C27),AR,5.6963047418376065e-06,illustrative
3 imports,Imported inputs (C27),AT,0.002202028661630366,illustrative
3 imports,Imported inputs (C27),AU,5.0452984856275936e-05,illustrative
3 imports,Imported inputs (C27),BE,0.000240058556977442,illustrative
3 imports,Imported inputs (C27),BG,0.0013606030754789254,illustrative
3 imports,Imported inputs (C27),BR,0.00012043615739885225,illustrative
3 imports,Imported inputs (C27),CA,0.00016926162661460317,illustrative
3 imports,Imported inputs (C27),CH,0.0004630281997293712,illustrative
3 imports,Imported inputs (C27),CN,0.009943306805787673,illustrative
3 imports,Imported inputs (C27),CZ,0.0006233384903210867,illustrative
3 imports,Imported inputs (C27),DE,0.0063554485762502425,illustrative
3 imports,Imported inputs (C27),DK,0.00022947970531402928,illustrative
3 imports,Imported inputs (C27),EE,0.00016031029059171547,illustrative
3 imports,Imported inputs (C27),EL,0.014136600853600415,illustrative
3 imports,Imported inputs (C27),ES,0.0011693699877172341,illustrative
3 imports,Imported inputs (C27),FI,0.0002026256972453663,illustrative
3 imports,Imported inputs (C27),FR,0.001401290966492051,illustrative
3 imports,Imported inputs (C27),HR,5.6963047418376066e-05,illustrative
3 imports,Imported inputs (C27),HU,0.00041094769923257017,illustrative
3 imports,Imported inputs (C27),ID,0.000134270040343315,illustrative
3 imports,Imported inputs (C27),IE,0.0005387076770137851,illustrative
3 imports,Imported inputs (C27),IN,0.0021719196222806532,illustrative
3 imports,Imported inputs (C27),IT,0.00563283163185713,illustrative
3 imports,Imported inputs (C27),JP,0.0008869960240861416,illustrative
3 imports,Imported inputs (C27),KR,0.0014086147868744136,illustrative
3 imports,Imported inputs (C27),LT,0.00019123308776169108,illustrative
3 imports,Imported inputs (C27),LU,7.323820382362638e-06,illustrative
3 imports,Imported inputs (C27),LV,0.00010822979009491453,illustrative
3 imports,Imported inputs (C27),MK,1.6275156405250305e-06,illustrative
3 imports,Imported inputs (C27),MT,3.7432859732075695e-05,illustrative
3 imports,Imported inputs (C27),MX,3.580534409155067e-05,illustrative
3 imports,Imported inputs (C27),NL,0.001827700064309609,illustrative
3 imports,Imported inputs (C27),NO,0.00029864912003634307,illustrative
3 imports,Imported inputs (C27),PL,0.0016673897737178936,illustrative
3 imports,Imported inputs (C27),PT,0.00023843104133691698,illustrative
3 imports,Imported inputs (C27),RO,0.0006038083026347863,illustrative
3 imports,Imported inputs (C27),RS,8.218953984651404e-05,illustrative
3 imports,Imported inputs (C27),RU,0.0022012149038101035,illustrative
3 imports,Imported inputs (C27),SA,9.765093843150182e-05,illustrative
3 imports,Imported inputs (C27),SE,0.00021971461147087912,illustrative
3 imports,Imported inputs (C27),SI,0.0005362664035529975,illustrative
3 imports,Imported inputs (C27),SK,0.0003035316669579182,illustrative
3 imports,Imported inputs (C27),TR,0.010141863713931727,illustrative
3 imports,Imported inputs (C27),UK,0.0023859379290096946,illustrative
3 imports,Imported inputs (C27),US,0.0008837409928050915,illustrative
3 imports,Imported inputs (C27),ROW_FIGARO,0.0056076051394289925,illustrative
3 imports,Imported inputs (C27),ZA,1.546139858498779e-05,illustrative
3 imports,Imported inputs (C28),AR,1.3714460669449702e-06,illustrative
3 imports,Imported inputs (C28),AT,0.0006829801413385951,illustrative
3 imports,Imported inputs (C28),AU,2.8457505889108133e-05,illustrative
3 imports,Imported inputs (C28),BE,0.0003977193594140413,illustrative
3 imports,Imported inputs (C28),BG,0.000370290438075142,illustrative
3 imports,Imported inputs (C28),BR,8.94868558681593e-05,illustrative
3 imports,Imported inputs (C28),CA,0.000377490529926603,illustrative
3 imports,Imported inputs (C28),CH,0.0002619461987864893,illustrative
3 imports,Imported inputs (C28),CN,0.004669088134914151,illustrative
3 imports,Imported inputs (C28),CZ,0.0002369173080647436,illustrative
3 imports,Imported inputs (C28),DE,0.004220625271023145,illustrative
3 imports,Imported inputs (C28),DK,0.0004392056029391267,illustrative
3 imports,Imported inputs (C28),EE,3.120039802299807e-05,illustrative
3 imports,Imported inputs (C28),EL,0.001701964569078708,illustrative
3 imports,Imported inputs (C28),ES,0.0007333807842988228,illustrative
3 imports,Imported inputs (C28),FI,0.00025406038390155574,illustrative
3 imports,Imported inputs (C28),FR,0.0005581785492466028,illustrative
3 imports,Imported inputs (C28),HR,1.337159915271346e-05,illustrative
3 imports,Imported inputs (C28),HU,0.00020914552520910797,illustrative
3 imports,Imported inputs (C28),ID,1.1657291569032246e-05,illustrative
3 imports,Imported inputs (C28),IE,0.000298289519560531,illustrative
3 imports,Imported inputs (C28),IN,0.0007909815191105116,illustrative
3 imports,Imported inputs (C28),IT,0.0057011013002902415,illustrative
3 imports,Imported inputs (C28),JP,0.0007882386269766217,illustrative
3 imports,Imported inputs (C28),KR,0.0003342899788178365,illustrative
3 imports,Imported inputs (C28),LT,5.348639661085384e-05,illustrative
3 imports,Imported inputs (C28),LU,6.582941121335858e-05,illustrative
3 imports,Imported inputs (C28),LV,2.537175223848195e-05,illustrative
3 imports,Imported inputs (C28),MK,1.3714460669449703e-05,illustrative
3 imports,Imported inputs (C28),MT,1.5085906736394673e-05,illustrative
3 imports,Imported inputs (C28),MX,3.46290131903605e-05,illustrative
3 imports,Imported inputs (C28),NL,0.0017317935210347613,illustrative
3 imports,Imported inputs (C28),NO,0.0005208066439223525,illustrative
3 imports,Imported inputs (C28),PL,0.000415548158284326,illustrative
3 imports,Imported inputs (C28),PT,0.00021463130947688784,illustrative
3 imports,Imported inputs (C28),RO,0.00014468756006269436,illustrative
3 imports,Imported inputs (C28),RS,3.291470560667929e-05,illustrative
3 imports,Imported inputs (C28),RU,0.0011592147880852362,illustrative
3 imports,Imported inputs (C28),SA,1.2685876119240974e-05,illustrative
3 imports,Imported inputs (C28),SE,0.0015212765497587084,illustrative
3 imports,Imported inputs (C28),SI,0.00012514445360872853,illustrative
3 imports,Imported inputs (C28),SK,0.0005403497503763183,illustrative
3 imports,Imported inputs (C28),TR,0.0022834577014633757,illustrative
3 imports,Imported inputs (C28),UK,0.002052711900699884,illustrative
3 imports,Imported inputs (C28),US,0.0011002426072066025,illustrative
3 imports,Imported inputs (C28),ROW_FIGARO,0.008070617242454413,illustrative
3 imports,Imported inputs (C28),ZA,3.7714766840986683e-06,illustrative
3 imports,Imported inputs (C29),AR,5.0773502609921046e-06,illustrative
3 imports,Imported inputs (C29),AT,5.051963509687144e-05,illustrative
3 imports,Imported inputs (C29),AU,6.981356608864144e-06,illustrative
3 imports,Imported inputs (C29),BE,7.616025391488157e-05,illustrative
3 imports,Imported inputs (C29),BG,1.1424038087232235e-05,illustrative
3 imports,Imported inputs (C29),BR,4.823482747942499e-06,illustrative
3 imports,Imported inputs (C29),CA,6.32130107493517e-05,illustrative
3 imports,Imported inputs (C29),CH,8.123760417587367e-06,illustrative
3 imports,Imported inputs (C29),CN,7.425624756700955e-05,illustrative
3 imports,Imported inputs (C29),CZ,0.00011754065854196724,illustrative
3 imports,Imported inputs (C29),DE,0.0023034668796555933,illustrative
3 imports,Imported inputs (C29),DK,1.015470052198421e-06,illustrative
3 imports,Imported inputs (C29),EE,2.2848076174464475e-06,illustrative
3 imports,Imported inputs (C29),EL,1.1043236817657829e-05,illustrative
3 imports,Imported inputs (C29),ES,0.00014305434360345256,illustrative
3 imports,Imported inputs (C29),FI,3.046410156595263e-06,illustrative
3 imports,Imported inputs (C29),FR,0.00012883776287267464,illustrative
3 imports,Imported inputs (C29),HR,5.077350260992105e-07,illustrative
3 imports,Imported inputs (C29),HU,0.00011005156690700388,illustrative
3 imports,Imported inputs (C29),ID,7.616025391488158e-07,illustrative
3 imports,Imported inputs (C29),IE,2.7544625165882166e-05,illustrative
3 imports,Imported inputs (C29),IN,0.00024993256659733634,illustrative
3 imports,Imported inputs (C29),IT,0.00040466481580107074,illustrative
3 imports,Imported inputs (C29),JP,0.0007635065454966878,illustrative
3 imports,Imported inputs (C29),KR,0.000145339151220899,illustrative
3 imports,Imported inputs (C29),LT,5.712019043616118e-06,illustrative
3 imports,Imported inputs (C29),LU,3.808012695744079e-07,illustrative
3 imports,Imported inputs (C29),LV,1.9040063478720392e-06,illustrative
3 imports,Imported inputs (C29),MT,6.346687826240131e-06,illustrative
3 imports,Imported inputs (C29),MX,1.1550971843757038e-05,illustrative
3 imports,Imported inputs (C29),NL,5.5977786627437954e-05,illustrative
3 imports,Imported inputs (C29),NO,3.8080126957440784e-06,illustrative
3 imports,Imported inputs (C29),PL,0.0001733915114128804,illustrative
3 imports,Imported inputs (C29),PT,4.290360970538329e-05,illustrative
3 imports,Imported inputs (C29),RO,2.6021420087584534e-05,illustrative
3 imports,Imported inputs (C29),RS,4.823482747942499e-06,illustrative
3 imports,Imported inputs (C29),RU,8.529948438466737e-05,illustrative
3 imports,Imported inputs (C29),SA,1.2693375652480261e-07,illustrative
3 imports,Imported inputs (C29),SE,0.00019547798504819603,illustrative
3 imports,Imported inputs (C29),SI,1.6755255861273945e-05,illustrative
3 imports,Imported inputs (C29),SK,0.00011842919483764084,illustrative
3 imports,Imported inputs (C29),TR,0.00023635065464918246,illustrative
3 imports,Imported inputs (C29),UK,0.0007604601353400925,illustrative
3 imports,Imported inputs (C29),US,5.31852439838923e-05,illustrative
3 imports,Imported inputs (C29),ROW_FIGARO,0.00018214994061309172,illustrative
3 imports,Imported inputs (C29),ZA,5.458151530566513e-06,illustrative
3 imports,Imported inputs (C30),AT,3.2676831714970374e-06,illustrative
3 imports,Imported inputs (C30),AU,2.2343132796560939e-07,illustrative
3 imports,Imported inputs (C30),BE,1.0682810368355699e-06,illustrative
3 imports,Imported inputs (C30),BG,7.959741058774834e-07,illustrative
3 imports,Imported inputs (C30),BR,7.191695868893051e-07,illustrative
3 imports,Imported inputs (C30),CA,1.4152978180821571e-05,illustrative
3 imports,Imported inputs (C30),CH,1.0948135070314861e-05,illustrative
3 imports,Imported inputs (C30),CN,0.0003767191834080153,illustrative
3 imports,Imported inputs (C30),CZ,5.71146332112089e-06,illustrative
3 imports,Imported inputs (C30),DE,3.51136296355953e-05,illustrative
3 imports,Imported inputs (C30),DK,1.7455572497313235e-07,illustrative
3 imports,Imported inputs (C30),EE,6.284006099032765e-07,illustrative
3 imports,Imported inputs (C30),EL,1.0445414582392238e-05,illustrative
3 imports,Imported inputs (C30),ES,2.7998738285690422e-06,illustrative
3 imports,Imported inputs (C30),FI,6.8495666479457126e-06,illustrative
3 imports,Imported inputs (C30),FR,8.239030218731846e-06,illustrative
3 imports,Imported inputs (C30),HR,4.99927596323051e-06,illustrative
3 imports,Imported inputs (C30),HU,6.842584418946788e-07,illustrative
3 imports,Imported inputs (C30),ID,3.5818834764486756e-06,illustrative
3 imports,Imported inputs (C30),IE,3.0861452175249796e-06,illustrative
3 imports,Imported inputs (C30),IN,5.0970271692154634e-06,illustrative
3 imports,Imported inputs (C30),IT,5.2010623812994504e-05,illustrative
3 imports,Imported inputs (C30),JP,5.4112274741671016e-05,illustrative
3 imports,Imported inputs (C30),KR,0.00016470379985564874,illustrative
3 imports,Imported inputs (C30),LT,1.1799967008183747e-06,illustrative
3 imports,Imported inputs (C30),LU,2.094668699677588e-08,illustrative
3 imports,Imported inputs (C30),LV,6.744833212961833e-06,illustrative
3 imports,Imported inputs (C30),MT,2.115615386674364e-06,illustrative
3 imports,Imported inputs (C30),MX,1.955024119699082e-07,illustrative
3 imports,Imported inputs (C30),NL,1.823059991619394e-05,illustrative
3 imports,Imported inputs (C30),NO,8.567194981681335e-06,illustrative
3 imports,Imported inputs (C30),PL,2.565270934205153e-05,illustrative
3 imports,Imported inputs (C30),PT,2.024846409688335e-07,illustrative
3 imports,Imported inputs (C30),RO,6.284006099032763e-07,illustrative
3 imports,Imported inputs (C30),RS,1.256801219806553e-07,illustrative
3 imports,Imported inputs (C30),RU,2.74401599657764e-05,illustrative
3 imports,Imported inputs (C30),SA,1.0473343498387939e-07,illustrative
3 imports,Imported inputs (C30),SE,1.9829530356947833e-06,illustrative
3 imports,Imported inputs (C30),SI,9.77512059849541e-08,illustrative
3 imports,Imported inputs (C30),SK,2.2343132796560939e-07,illustrative
3 imports,Imported inputs (C30),TR,1.449510740176891e-05,illustrative
3 imports,Imported inputs (C30),UK,2.348123612338576e-05,illustrative
3 imports,Imported inputs (C30),US,1.530504596564424e-05,illustrative
3 imports,Imported inputs (C30),ROW_FIGARO,0.00040506703314365194,illustrative
3 imports,Imported inputs (C30),ZA,5.5857831991402347e-08,illustrative
3 imports,Imported inputs (C31-32),AL,9.508970482215944e-07,illustrative
3 imports,Imported inputs (C31-32),AR,4.754485241107972e-07,illustrative
3 imports,Imported inputs (C31-32),AT,0.0001854249244032109,illustrative
3 imports,Imported inputs (C31-32),AU,7.844900647828154e-06,illustrative
3 imports,Imported inputs (C31-32),BE,6.418555075495763e-05,illustrative
3 imports,Imported inputs (C31-32),BG,5.5389753058907876e-05,illustrative
3 imports,Imported inputs (C31-32),BR,8.558073433994349e-06,illustrative
3 imports,Imported inputs (C31-32),CA,0.00014001959035062978,illustrative
3 imports,Imported inputs (C31-32),CH,3.470774226008819e-05,illustrative
3 imports,Imported inputs (C31-32),CN,0.00045904555002897467,illustrative
3 imports,Imported inputs (C31-32),CZ,5.5627477320963273e-05,illustrative
3 imports,Imported inputs (C31-32),DE,0.000642330956073687,illustrative
3 imports,Imported inputs (C31-32),DK,6.061968682412665e-05,illustrative
3 imports,Imported inputs (C31-32),EE,1.4263455723323916e-05,illustrative
3 imports,Imported inputs (C31-32),EL,0.0003520696321040453,illustrative
3 imports,Imported inputs (C31-32),ES,0.00012670703167552745,illustrative
3 imports,Imported inputs (C31-32),FI,2.0206562274708882e-05,illustrative
3 imports,Imported inputs (C31-32),FR,4.540533405258113e-05,illustrative
3 imports,Imported inputs (C31-32),HR,8.320349171938952e-06,illustrative
3 imports,Imported inputs (C31-32),HU,3.756043340475298e-05,illustrative
3 imports,Imported inputs (C31-32),ID,2.8051462922537034e-05,illustrative
3 imports,Imported inputs (C31-32),IE,0.0002548404089233873,illustrative
3 imports,Imported inputs (C31-32),IN,0.0003370930035945552,illustrative
3 imports,Imported inputs (C31-32),IT,0.00095731560329709,illustrative
3 imports,Imported inputs (C31-32),JP,0.0001497662850949011,illustrative
3 imports,Imported inputs (C31-32),KR,2.733829013637084e-05,illustrative
3 imports,Imported inputs (C31-32),LT,5.800471994151725e-05,illustrative
3 imports,Imported inputs (C31-32),LU,1.9017940964431887e-06,illustrative
3 imports,Imported inputs (C31-32),LV,1.830476817826569e-05,illustrative
3 imports,Imported inputs (C31-32),ME,2.377242620553986e-07,illustrative
3 imports,Imported inputs (C31-32),MK,1.4263455723323915e-06,illustrative
3 imports,Imported inputs (C31-32),MT,1.2361661626880726e-05,illustrative
3 imports,Imported inputs (C31-32),MX,7.369452123717355e-06,illustrative
3 imports,Imported inputs (C31-32),NL,0.00013930641756446357,illustrative
3 imports,Imported inputs (C31-32),NO,2.353470194348446e-05,illustrative
3 imports,Imported inputs (C31-32),PL,0.0007614308113634416,illustrative
3 imports,Imported inputs (C31-32),PT,1.9968838012653478e-05,illustrative
3 imports,Imported inputs (C31-32),RO,0.0001854249244032109,illustrative
3 imports,Imported inputs (C31-32),RS,1.521435277154551e-05,illustrative
3 imports,Imported inputs (C31-32),RU,0.00010008191432532282,illustrative
3 imports,Imported inputs (C31-32),SA,1.0935316054548335e-05,illustrative
3 imports,Imported inputs (C31-32),SE,3.233049963953421e-05,illustrative
3 imports,Imported inputs (C31-32),SI,1.996883801265348e-05,illustrative
3 imports,Imported inputs (C31-32),SK,3.35191209498112e-05,illustrative
3 imports,Imported inputs (C31-32),TR,0.0004065084881147316,illustrative
3 imports,Imported inputs (C31-32),UK,0.0004112629733558396,illustrative
3 imports,Imported inputs (C31-32),US,0.0002353470194348446,illustrative
3 imports,Imported inputs (C31-32),ROW_FIGARO,0.0005997783131657707,illustrative
3 imports,Imported inputs (C31-32),ZA,2.377242620553986e-06,illustrative
3 imports,Imported inputs (C33),AT,0.000185894839220264,illustrative
3 imports,Imported inputs (C33),BE,0.00011000320500089592,illustrative
3 imports,Imported inputs (C33),BG,0.00016526923828259605,illustrative
3 imports,Imported inputs (C33),BR,0.0012055399317285685,illustrative
3 imports,Imported inputs (C33),CA,1.9832308593911522e-05,illustrative
3 imports,Imported inputs (C33),CH,0.0006893710467243645,illustrative
3 imports,Imported inputs (C33),CN,0.00021075133265796646,illustrative
3 imports,Imported inputs (C33),CZ,0.000533621316566846,illustrative
3 imports,Imported inputs (C33),DE,0.0007694935734437672,illustrative
3 imports,Imported inputs (C33),DK,4.2044494219092435e-05,illustrative
3 imports,Imported inputs (C33),EE,0.00023084807203313013,illustrative
3 imports,Imported inputs (C33),EL,0.00024962265750203303,illustrative
3 imports,Imported inputs (C33),ES,0.00015998062265755296,illustrative
3 imports,Imported inputs (C33),FI,6.742984921929918e-05,illustrative
3 imports,Imported inputs (C33),FR,0.0009178392417262253,illustrative
3 imports,Imported inputs (C33),HR,2.1418893281424447e-05,illustrative
3 imports,Imported inputs (C33),HU,0.00010630117406336577,illustrative
3 imports,Imported inputs (C33),ID,0.000266810658283423,illustrative
3 imports,Imported inputs (C33),IE,0.00011158978968840883,illustrative
3 imports,Imported inputs (C33),IN,0.0015307897926687174,illustrative
3 imports,Imported inputs (C33),IT,0.0002763301664085005,illustrative
3 imports,Imported inputs (C33),JP,0.0005278038393792987,illustrative
3 imports,Imported inputs (C33),KR,0.00011687840531345192,illustrative
3 imports,Imported inputs (C33),LT,0.0003561882623466509,illustrative
3 imports,Imported inputs (C33),LU,6.081907968799533e-06,illustrative
3 imports,Imported inputs (C33),LV,0.0003215478300026188,illustrative
3 imports,Imported inputs (C33),ME,7.668492656312457e-06,illustrative
3 imports,Imported inputs (C33),MK,7.93292343756461e-07,illustrative
3 imports,Imported inputs (C33),MT,5.288615625043073e-05,illustrative
3 imports,Imported inputs (C33),MX,0.00010497902015710502,illustrative
3 imports,Imported inputs (C33),NL,0.0007118476631307977,illustrative
3 imports,Imported inputs (C33),NO,0.0003865978021906486,illustrative
3 imports,Imported inputs (C33),PL,0.0010611607251648926,illustrative
3 imports,Imported inputs (C33),PT,4.601095593787473e-05,illustrative
3 imports,Imported inputs (C33),RO,0.00025993545797086705,illustrative
3 imports,Imported inputs (C33),RS,0.00013062880593856392,illustrative
3 imports,Imported inputs (C33),RU,0.004284043087066142,illustrative
3 imports,Imported inputs (C33),SA,2.6443078125215366e-06,illustrative
3 imports,Imported inputs (C33),SE,3.675587859404936e-05,illustrative
3 imports,Imported inputs (C33),SI,0.00011555625140719114,illustrative
3 imports,Imported inputs (C33),SK,7.668492656312457e-06,illustrative
3 imports,Imported inputs (C33),TR,0.0016682937989198374,illustrative
3 imports,Imported inputs (C33),UK,0.000719251725005858,illustrative
3 imports,Imported inputs (C33),US,6.875200312555996e-05,illustrative
3 imports,Imported inputs (C33),ROW_FIGARO,0.015482157811532345,illustrative
3 imports,Imported inputs (E37-39),AR,2.6321770643432047e-07,illustrative
3 imports,Imported inputs (E37-39),AT,2.6760466820822584e-06,illustrative
3 imports,Imported inputs (E37-39),AU,2.193480886952671e-08,illustrative
3 imports,Imported inputs (E37-39),BE,4.540505435992029e-06,illustrative
3 imports,Imported inputs (E37-39),BG,4.825657951295875e-06,illustrative
3 imports,Imported inputs (E37-39),BR,4.386961773905342e-08,illustrative
3 imports,Imported inputs (E37-39),CA,2.939264388516579e-06,illustrative
3 imports,Imported inputs (E37-39),CH,5.045006039991143e-07,illustrative
3 imports,Imported inputs (E37-39),CZ,5.439832599642624e-06,illustrative
3 imports,Imported inputs (E37-39),DE,1.873232677457581e-05,illustrative
3 imports,Imported inputs (E37-39),DK,1.425762576519236e-06,illustrative
3 imports,Imported inputs (E37-39),EE,6.207550910076059e-06,illustrative
3 imports,Imported inputs (E37-39),EL,9.607446284852699e-06,illustrative
3 imports,Imported inputs (E37-39),ES,4.145678876340548e-06,illustrative
3 imports,Imported inputs (E37-39),FI,7.677183104334349e-07,illustrative
3 imports,Imported inputs (E37-39),FR,5.3082237464254644e-06,illustrative
3 imports,Imported inputs (E37-39),HR,3.948265596514808e-07,illustrative
3 imports,Imported inputs (E37-39),HU,1.9960676071269306e-06,illustrative
3 imports,Imported inputs (E37-39),IE,8.335227370420149e-06,illustrative
3 imports,Imported inputs (E37-39),IT,8.20361851720299e-06,illustrative
3 imports,Imported inputs (E37-39),JP,6.361094572162745e-07,illustrative
3 imports,Imported inputs (E37-39),KR,2.1934808869526713e-06,illustrative
3 imports,Imported inputs (E37-39),LT,5.812724350424578e-06,illustrative
3 imports,Imported inputs (E37-39),LU,2.9173295796470525e-06,illustrative
3 imports,Imported inputs (E37-39),LV,2.1057416514745638e-06,illustrative
3 imports,Imported inputs (E37-39),ME,1.974132798257404e-07,illustrative
3 imports,Imported inputs (E37-39),MK,8.773923547810684e-08,illustrative
3 imports,Imported inputs (E37-39),MT,3.0708732417337395e-07,illustrative
3 imports,Imported inputs (E37-39),NL,1.552984467962491e-05,illustrative
3 imports,Imported inputs (E37-39),NO,2.347024549039358e-06,illustrative
3 imports,Imported inputs (E37-39),PL,2.4676659978217546e-05,illustrative
3 imports,Imported inputs (E37-39),PT,4.606309862600609e-07,illustrative
3 imports,Imported inputs (E37-39),RO,2.3689593579088845e-06,illustrative
3 imports,Imported inputs (E37-39),RS,1.359958149910656e-06,illustrative
3 imports,Imported inputs (E37-39),RU,8.868243225949648e-05,illustrative
3 imports,Imported inputs (E37-39),SA,2.193480886952671e-08,illustrative
3 imports,Imported inputs (E37-39),SE,3.114742859472793e-06,illustrative
3 imports,Imported inputs (E37-39),SI,4.6721142892091885e-06,illustrative
3 imports,Imported inputs (E37-39),SK,1.0528708257372819e-06,illustrative
3 imports,Imported inputs (E37-39),TR,1.8885870436662496e-05,illustrative
3 imports,Imported inputs (E37-39),UK,8.868243225949648e-05,illustrative
3 imports,Imported inputs (E37-39),US,2.632177064343205e-06,illustrative
3 imports,Imported inputs (E37-39),ROW_FIGARO,8.115879281724882e-06,illustrative
3 imports,Imported inputs (E37-39),ZA,4.386961773905342e-08,illustrative
3 imports,Imported inputs (F),AL,2.8386886100153567e-09,illustrative
3 imports,Imported inputs (F),AR,2.8386886100153567e-09,illustrative
3 imports,Imported inputs (F),AT,5.947052637982173e-07,illustrative
3 imports,Imported inputs (F),AU,3.065783698816585e-07,illustrative
3 imports,Imported inputs (F),BE,1.3086354492170795e-06,illustrative
3 imports,Imported inputs (F),BG,1.4001831568900748e-06,illustrative
3 imports,Imported inputs (F),BR,1.7507612002269708e-06,illustrative
3 imports,Imported inputs (F),CA,3.094170584916739e-07,illustrative
3 imports,Imported inputs (F),CH,2.448368926138245e-07,illustrative
3 imports,Imported inputs (F),CN,5.627700169355445e-07,illustrative
3 imports,Imported inputs (F),CZ,5.372218194454063e-07,illustrative
3 imports,Imported inputs (F),DE,1.7401161179394135e-06,illustrative
3 imports,Imported inputs (F),DK,9.552187172701677e-07,illustrative
3 imports,Imported inputs (F),EE,3.8251329019956935e-07,illustrative
3 imports,Imported inputs (F),EL,1.3142418592218597e-05,illustrative
3 imports,Imported inputs (F),ES,4.98189851057695e-07,illustrative
3 imports,Imported inputs (F),FI,6.032213296282634e-08,illustrative
3 imports,Imported inputs (F),FR,8.111552703118881e-07,illustrative
3 imports,Imported inputs (F),HR,1.3199902036571408e-07,illustrative
3 imports,Imported inputs (F),HU,4.179968978247612e-07,illustrative
3 imports,Imported inputs (F),ID,3.5483607625191964e-09,illustrative
3 imports,Imported inputs (F),IE,1.9984367814508114e-06,illustrative
3 imports,Imported inputs (F),IN,1.5683754570334845e-07,illustrative
3 imports,Imported inputs (F),IT,4.1586788136724974e-07,illustrative
3 imports,Imported inputs (F),JP,3.576747648619349e-07,illustrative
3 imports,Imported inputs (F),KR,2.6683672934144355e-07,illustrative
3 imports,Imported inputs (F),LT,4.797383750925953e-07,illustrative
3 imports,Imported inputs (F),LU,1.575472178558523e-07,illustrative
3 imports,Imported inputs (F),LV,9.637347831002136e-07,illustrative
3 imports,Imported inputs (F),ME,7.309623170789542e-08,illustrative
3 imports,Imported inputs (F),MK,3.548360762519196e-08,illustrative
3 imports,Imported inputs (F),MT,1.0503147857056819e-07,illustrative
3 imports,Imported inputs (F),MX,3.3354591167680444e-08,illustrative
3 imports,Imported inputs (F),NL,3.4915869903188886e-06,illustrative
3 imports,Imported inputs (F),NO,4.619965712799993e-07,illustrative
3 imports,Imported inputs (F),PL,4.504289151941868e-06,illustrative
3 imports,Imported inputs (F),PT,1.4690213556829472e-07,illustrative
3 imports,Imported inputs (F),RO,4.953511624476798e-07,illustrative
3 imports,Imported inputs (F),RS,1.0290246211305666e-07,illustrative
3 imports,Imported inputs (F),RU,5.2192838455894854e-05,illustrative
3 imports,Imported inputs (F),SA,8.51606583004607e-09,illustrative
3 imports,Imported inputs (F),SE,2.6257869642642047e-07,illustrative
3 imports,Imported inputs (F),SI,6.869626436237164e-07,illustrative
3 imports,Imported inputs (F),SK,2.0935328498863254e-07,illustrative
3 imports,Imported inputs (F),TR,3.0381064848689355e-06,illustrative
3 imports,Imported inputs (F),UK,4.324742097358397e-06,illustrative
3 imports,Imported inputs (F),US,4.1515820921474586e-07,illustrative
3 imports,Imported inputs (F),ROW_FIGARO,2.8571400859804565e-06,illustrative
3 imports,Imported inputs (F),ZA,1.4193443050076785e-08,illustrative
3 imports,Imported inputs (G46),AL,2.445927409031141e-08,illustrative
3 imports,Imported inputs (G46),AR,2.735944516101976e-06,illustrative
3 imports,Imported inputs (G46),AT,4.317061876939964e-05,illustrative
3 imports,Imported inputs (G46),AU,5.314650841623379e-06,illustrative
3 imports,Imported inputs (G46),BE,4.447744284222484e-05,illustrative
3 imports,Imported inputs (G46),BG,9.033508757954585e-05,illustrative
3 imports,Imported inputs (G46),BR,8.592193569725109e-06,illustrative
3 imports,Imported inputs (G46),CA,6.0526220827482036e-05,illustrative
3 imports,Imported inputs (G46),CH,0.00014612319759753324,illustrative
3 imports,Imported inputs (G46),CN,0.00022162198835029882,illustrative
3 imports,Imported inputs (G46),CZ,1.3340786925258423e-05,illustrative
3 imports,Imported inputs (G46),DE,0.0002524616387961685,illustrative
3 imports,Imported inputs (G46),DK,4.507844214844393e-05,illustrative
3 imports,Imported inputs (G46),EE,1.611866162551522e-05,illustrative
3 imports,Imported inputs (G46),EL,0.00019279149256184745,illustrative
3 imports,Imported inputs (G46),ES,9.181662075301613e-05,illustrative
3 imports,Imported inputs (G46),FI,4.968726822346118e-06,illustrative
3 imports,Imported inputs (G46),FR,9.38642114125765e-05,illustrative
3 imports,Imported inputs (G46),HR,1.1985044304252588e-06,illustrative
3 imports,Imported inputs (G46),HU,2.6824835313045817e-05,illustrative
3 imports,Imported inputs (G46),ID,2.3068589649176562e-05,illustrative
3 imports,Imported inputs (G46),IE,0.0001684929508441295,illustrative
3 imports,Imported inputs (G46),IN,7.35315662795019e-05,illustrative
3 imports,Imported inputs (G46),IT,7.483839035232711e-05,illustrative
3 imports,Imported inputs (G46),JP,6.878996128799439e-05,illustrative
3 imports,Imported inputs (G46),KR,4.319158386147704e-05,illustrative
3 imports,Imported inputs (G46),LT,3.2202381430901425e-05,illustrative
3 imports,Imported inputs (G46),LU,1.1499353004459264e-05,illustrative
3 imports,Imported inputs (G46),LV,0.00011801949166776546,illustrative
3 imports,Imported inputs (G46),ME,8.630629571867025e-07,illustrative
3 imports,Imported inputs (G46),MK,1.9218001070958962e-07,illustrative
3 imports,Imported inputs (G46),MT,2.5018343212375667e-06,illustrative
3 imports,Imported inputs (G46),MX,3.114364428099223e-05,illustrative
3 imports,Imported inputs (G46),NL,0.00012655927250729705,illustrative
3 imports,Imported inputs (G46),NO,1.881966432148818e-05,illustrative
3 imports,Imported inputs (G46),PL,0.00014440406004718564,illustrative
3 imports,Imported inputs (G46),PT,6.320975261339049e-06,illustrative
3 imports,Imported inputs (G46),RO,3.785596792777627e-05,illustrative
3 imports,Imported inputs (G46),RS,4.276878783791595e-06,illustrative
3 imports,Imported inputs (G46),RU,0.001191827048598604,illustrative
3 imports,Imported inputs (G46),SA,3.7443654450253864e-05,illustrative
3 imports,Imported inputs (G46),SE,3.0616022797044085e-05,illustrative
3 imports,Imported inputs (G46),SI,1.1349103177904496e-05,illustrative
3 imports,Imported inputs (G46),SK,4.58786098293984e-06,illustrative
3 imports,Imported inputs (G46),TR,0.00015724517894459916,illustrative
3 imports,Imported inputs (G46),UK,0.00016153254027442945,illustrative
3 imports,Imported inputs (G46),US,0.0006600160404169889,illustrative
3 imports,Imported inputs (G46),ROW_FIGARO,0.002149163036493393,illustrative
3 imports,Imported inputs (G46),ZA,2.5822005075343044e-06,illustrative
3 imports,Imported inputs (H49),AL,2.8559621807497354e-07,illustrative
3 imports,Imported inputs (H49),AR,1.4232211534069512e-05,illustrative
3 imports,Imported inputs (H49),AT,3.6461117174238284e-05,illustrative
3 imports,Imported inputs (H49),AU,6.5845794722841115e-06,illustrative
3 imports,Imported inputs (H49),BE,7.239864128200578e-05,illustrative
3 imports,Imported inputs (H49),BG,4.859895644242466e-05,illustrative
3 imports,Imported inputs (H49),BR,6.7115111247618775e-06,illustrative
3 imports,Imported inputs (H49),CA,3.676257984887298e-05,illustrative
3 imports,Imported inputs (H49),CH,6.424328261030931e-05,illustrative
3 imports,Imported inputs (H49),CN,0.000770395798257241,illustrative
3 imports,Imported inputs (H49),CZ,6.786083470592565e-05,illustrative
3 imports,Imported inputs (H49),DE,4.333129286459737e-05,illustrative
3 imports,Imported inputs (H49),DK,1.5707791994123543e-05,illustrative
3 imports,Imported inputs (H49),EE,1.696124206234148e-05,illustrative
3 imports,Imported inputs (H49),EL,2.178464485649659e-05,illustrative
3 imports,Imported inputs (H49),ES,7.609552566042072e-05,illustrative
3 imports,Imported inputs (H49),FI,1.204264052882805e-05,illustrative
3 imports,Imported inputs (H49),FR,4.417221506226257e-05,illustrative
3 imports,Imported inputs (H49),HR,5.331129404066173e-06,illustrative
3 imports,Imported inputs (H49),HU,4.923361470481349e-05,illustrative
3 imports,Imported inputs (H49),ID,6.410048450127183e-06,illustrative
3 imports,Imported inputs (H49),IE,3.728617291534376e-05,illustrative
3 imports,Imported inputs (H49),IN,0.0001432899691908381,illustrative
3 imports,Imported inputs (H49),IT,5.059812996894947e-05,illustrative
3 imports,Imported inputs (H49),JP,0.00014102106590279802,illustrative
3 imports,Imported inputs (H49),KR,1.5390462862929127e-06,illustrative
3 imports,Imported inputs (H49),LT,6.911428477414359e-05,illustrative
3 imports,Imported inputs (H49),LU,1.2851829813373808e-06,illustrative
3 imports,Imported inputs (H49),LV,7.262077167384187e-05,illustrative
3 imports,Imported inputs (H49),ME,1.396248177255426e-06,illustrative
3 imports,Imported inputs (H49),MK,3.9031483136913044e-06,illustrative
3 imports,Imported inputs (H49),MT,6.3465826238883e-07,illustrative
3 imports,Imported inputs (H49),MX,1.1376249353319777e-05,illustrative
3 imports,Imported inputs (H49),NL,0.0001368005884579123,illustrative
3 imports,Imported inputs (H49),NO,4.420394797538201e-05,illustrative
3 imports,Imported inputs (H49),PL,0.0002514357371018947,illustrative
3 imports,Imported inputs (H49),PT,1.1772910767312796e-05,illustrative
3 imports,Imported inputs (H49),RO,0.0002330623804057381,illustrative
3 imports,Imported inputs (H49),RS,5.275596806107149e-05,illustrative
3 imports,Imported inputs (H49),RU,0.0010664004118353912,illustrative
3 imports,Imported inputs (H49),SA,6.314849710768859e-06,illustrative
3 imports,Imported inputs (H49),SE,4.315676184244045e-06,illustrative
3 imports,Imported inputs (H49),SI,1.6469381908990138e-05,illustrative
3 imports,Imported inputs (H49),SK,3.8539622983561695e-05,illustrative
3 imports,Imported inputs (H49),TR,0.0008730359057420745,illustrative
3 imports,Imported inputs (H49),UK,9.296156898340388e-05,illustrative
3 imports,Imported inputs (H49),US,0.0004275058055451159,illustrative
3 imports,Imported inputs (H49),ROW_FIGARO,0.002304333085537924,illustrative
3 imports,Imported inputs (H49),ZA,1.5073133731734712e-06,illustrative
3 imports,Imported inputs (H50),AR,1.7897960629203235e-07,illustrative
3 imports,Imported inputs (H50),AT,3.835277277686407e-08,illustrative
3 imports,Imported inputs (H50),AU,1.7897960629203235e-07,illustrative
3 imports,Imported inputs (H50),BE,4.934723430623177e-06,illustrative
3 imports,Imported inputs (H50),BG,6.008601068375371e-07,illustrative
3 imports,Imported inputs (H50),BR,7.031341675758413e-07,illustrative
3 imports,Imported inputs (H50),CA,4.346647581377928e-07,illustrative
3 imports,Imported inputs (H50),CH,9.11517566330136e-06,illustrative
3 imports,Imported inputs (H50),CN,3.796924504909543e-06,illustrative
3 imports,Imported inputs (H50),CZ,7.670554555372814e-08,illustrative
3 imports,Imported inputs (H50),DE,7.455779027822375e-05,illustrative
3 imports,Imported inputs (H50),DK,6.209313912574293e-05,illustrative
3 imports,Imported inputs (H50),EE,1.8792858660663391e-06,illustrative
3 imports,Imported inputs (H50),EL,0.0001574637007642116,illustrative
3 imports,Imported inputs (H50),ES,2.8892422158570933e-06,illustrative
3 imports,Imported inputs (H50),FI,2.6207728064190443e-06,illustrative
3 imports,Imported inputs (H50),FR,1.6414986748497824e-05,illustrative
3 imports,Imported inputs (H50),HR,9.076822890524497e-07,illustrative
3 imports,Imported inputs (H50),HU,2.4290089425347244e-07,illustrative
3 imports,Imported inputs (H50),ID,6.903499099835533e-07,illustrative
3 imports,Imported inputs (H50),IE,2.058265472358372e-06,illustrative
3 imports,Imported inputs (H50),IN,5.3949567039455465e-06,illustrative
3 imports,Imported inputs (H50),IT,5.867974234860203e-06,illustrative
3 imports,Imported inputs (H50),JP,1.0380817164937876e-05,illustrative
3 imports,Imported inputs (H50),KR,7.466006433896205e-06,illustrative
3 imports,Imported inputs (H50),LT,1.7897960629203235e-07,illustrative
3 imports,Imported inputs (H50),LU,2.5568515184576046e-08,illustrative
3 imports,Imported inputs (H50),LV,1.2784257592288023e-07,illustrative
3 imports,Imported inputs (H50),ME,2.173323790688964e-07,illustrative
3 imports,Imported inputs (H50),MT,5.241545612838088e-07,illustrative
3 imports,Imported inputs (H50),MX,2.173323790688964e-07,illustrative
3 imports,Imported inputs (H50),NL,1.5890832187214015e-05,illustrative
3 imports,Imported inputs (H50),NO,2.2474724847242343e-05,illustrative
3 imports,Imported inputs (H50),PL,4.14209945990132e-06,illustrative
3 imports,Imported inputs (H50),PT,6.008601068375371e-07,illustrative
3 imports,Imported inputs (H50),RO,9.716035770138897e-07,illustrative
3 imports,Imported inputs (H50),RS,2.9403792462262453e-07,illustrative
3 imports,Imported inputs (H50),RU,2.3446328424256234e-05,illustrative
3 imports,Imported inputs (H50),SA,1.9176386388432035e-07,illustrative
3 imports,Imported inputs (H50),SE,1.661953486997443e-06,illustrative
3 imports,Imported inputs (H50),SI,6.392128796144012e-08,illustrative
3 imports,Imported inputs (H50),SK,1.0227406073830418e-07,illustrative
3 imports,Imported inputs (H50),TR,0.00013330145391478722,illustrative
3 imports,Imported inputs (H50),UK,2.321621178759505e-05,illustrative
3 imports,Imported inputs (H50),US,1.5609578520183675e-05,illustrative
3 imports,Imported inputs (H50),ROW_FIGARO,0.0002419165064188663,illustrative
3 imports,Imported inputs (H51),AL,2.9301821243869025e-06,illustrative
3 imports,Imported inputs (H51),AR,1.4650910621934512e-05,illustrative
3 imports,Imported inputs (H51),AT,0.0004204811348495205,illustrative
3 imports,Imported inputs (H51),AU,0.0001289280134730237,illustrative
3 imports,Imported inputs (H51),BE,0.0006710117064846006,illustrative
3 imports,Imported inputs (H51),BG,0.0003970396778544253,illustrative
3 imports,Imported inputs (H51),BR,0.00013039310453521715,illustrative
3 imports,Imported inputs (H51),CA,0.0006666164332980203,illustrative
3 imports,Imported inputs (H51),CH,0.0005069215075189341,illustrative
3 imports,Imported inputs (H51),CN,0.0002505305716350801,illustrative
3 imports,Imported inputs (H51),CZ,0.00028276257500333606,illustrative
3 imports,Imported inputs (H51),DE,0.0027792777449809772,illustrative
3 imports,Imported inputs (H51),DK,0.00024467020738630637,illustrative
3 imports,Imported inputs (H51),EE,0.00013478837772179752,illustrative
3 imports,Imported inputs (H51),EL,0.00319243342451953,illustrative
3 imports,Imported inputs (H51),ES,0.001555926708049445,illustrative
3 imports,Imported inputs (H51),FI,0.00040583022422758597,illustrative
3 imports,Imported inputs (H51),FR,0.0008453575428856215,illustrative
3 imports,Imported inputs (H51),HR,3.076691230606248e-05,illustrative
3 imports,Imported inputs (H51),HU,0.0010123779239756747,illustrative
3 imports,Imported inputs (H51),ID,8.351019054502673e-05,illustrative
3 imports,Imported inputs (H51),IE,0.007873399368227606,illustrative
3 imports,Imported inputs (H51),IN,0.0006358495209919578,illustrative
3 imports,Imported inputs (H51),IT,0.0004878753237104192,illustrative
3 imports,Imported inputs (H51),JP,0.00046736404883971093,illustrative
3 imports,Imported inputs (H51),KR,0.0005376884198249965,illustrative
3 imports,Imported inputs (H51),LT,8.937055479380052e-05,illustrative
3 imports,Imported inputs (H51),LU,0.0008497528160722017,illustrative
3 imports,Imported inputs (H51),LV,0.001279024497294883,illustrative
3 imports,Imported inputs (H51),ME,5.860364248773805e-06,illustrative
3 imports,Imported inputs (H51),MT,0.002423260616867968,illustrative
3 imports,Imported inputs (H51),MX,1.4650910621934512e-05,illustrative
3 imports,Imported inputs (H51),NL,0.0027030930097469174,illustrative
3 imports,Imported inputs (H51),NO,0.00038238876723249075,illustrative
3 imports,Imported inputs (H51),PL,0.0013493488682801687,illustrative
3 imports,Imported inputs (H51),PT,0.0006358495209919578,illustrative
3 imports,Imported inputs (H51),RO,5.4208369301157695e-05,illustrative
3 imports,Imported inputs (H51),RS,0.0003384360353666872,illustrative
3 imports,Imported inputs (H51),RU,0.020965453099988283,illustrative
3 imports,Imported inputs (H51),SA,2.9301821243869024e-05,illustrative
3 imports,Imported inputs (H51),SE,0.0002153683861424373,illustrative
3 imports,Imported inputs (H51),SI,2.7836730181675573e-05,illustrative
3 imports,Imported inputs (H51),SK,1.172072849754761e-05,illustrative
3 imports,Imported inputs (H51),TR,0.007942258648150699,illustrative
3 imports,Imported inputs (H51),UK,0.004157928434505014,illustrative
3 imports,Imported inputs (H51),US,0.001824038372430847,illustrative
3 imports,Imported inputs (H51),ROW_FIGARO,0.027473387598251596,illustrative
3 imports,Imported inputs (H51),ZA,1.4650910621934512e-06,illustrative
3 imports,Imported inputs (H52),AL,2.7367073764071246e-07,illustrative
3 imports,Imported inputs (H52),AR,9.377783943155082e-06,illustrative
3 imports,Imported inputs (H52),AT,2.0087432142828296e-05,illustrative
3 imports,Imported inputs (H52),AU,3.1745805566322646e-06,illustrative
3 imports,Imported inputs (H52),BE,0.00010892095358100357,illustrative
3 imports,Imported inputs (H52),BG,1.1895554729449635e-05,illustrative
3 imports,Imported inputs (H52),BR,1.981376140518759e-05,illustrative
3 imports,Imported inputs (H52),CA,4.4608330235436135e-05,illustrative
3 imports,Imported inputs (H52),CH,1.2406406773045635e-06,illustrative
3 imports,Imported inputs (H52),CN,0.00016168467179813296,illustrative
3 imports,Imported inputs (H52),CZ,1.470524096922762e-05,illustrative
3 imports,Imported inputs (H52),DE,5.967846552151803e-05,illustrative
3 imports,Imported inputs (H52),DK,7.936451391580662e-06,illustrative
3 imports,Imported inputs (H52),EE,3.2201923462390506e-05,illustrative
3 imports,Imported inputs (H52),EL,3.9974172411386736e-05,illustrative
3 imports,Imported inputs (H52),ES,2.964766324441052e-05,illustrative
3 imports,Imported inputs (H52),FI,4.834849698319255e-06,illustrative
3 imports,Imported inputs (H52),FR,2.2422755770695707e-05,illustrative
3 imports,Imported inputs (H52),HR,2.7002179447216974e-06,illustrative
3 imports,Imported inputs (H52),HU,3.4573736521943344e-05,illustrative
3 imports,Imported inputs (H52),ID,1.888328089720916e-05,illustrative
3 imports,Imported inputs (H52),IE,2.501350542036112e-05,illustrative
3 imports,Imported inputs (H52),IN,4.506444813150399e-05,illustrative
3 imports,Imported inputs (H52),IT,4.539285301667285e-05,illustrative
3 imports,Imported inputs (H52),JP,4.6323333524651274e-05,illustrative
3 imports,Imported inputs (H52),KR,1.7131788176308605e-05,illustrative
3 imports,Imported inputs (H52),LT,1.3227418985967771e-05,illustrative
3 imports,Imported inputs (H52),LU,1.0217040871919934e-06,illustrative
3 imports,Imported inputs (H52),LV,1.3154440122596913e-05,illustrative
3 imports,Imported inputs (H52),ME,1.4413325515744193e-06,illustrative
3 imports,Imported inputs (H52),MK,9.122357921357082e-07,illustrative
3 imports,Imported inputs (H52),MT,3.0103781140478375e-06,illustrative
3 imports,Imported inputs (H52),MX,6.257937534050959e-06,illustrative
3 imports,Imported inputs (H52),NL,8.8468627121321e-05,illustrative
3 imports,Imported inputs (H52),NO,2.8315798987892384e-05,illustrative
3 imports,Imported inputs (H52),PL,7.35262048461381e-05,illustrative
3 imports,Imported inputs (H52),PT,4.524689528993113e-06,illustrative
3 imports,Imported inputs (H52),RO,2.4794568830248553e-05,illustrative
3 imports,Imported inputs (H52),RS,7.699270085625379e-06,illustrative
3 imports,Imported inputs (H52),RU,0.0019840581137476375,illustrative
3 imports,Imported inputs (H52),SA,5.619372479555963e-05,illustrative
3 imports,Imported inputs (H52),SE,1.1932044161135066e-05,illustrative
3 imports,Imported inputs (H52),SI,7.49857821135552e-06,illustrative
3 imports,Imported inputs (H52),SK,9.122357921357083e-06,illustrative
3 imports,Imported inputs (H52),TR,0.000286277836288028,illustrative
3 imports,Imported inputs (H52),UK,0.0001266183279484363,illustrative
3 imports,Imported inputs (H52),US,9.925125418436505e-06,illustrative
3 imports,Imported inputs (H52),ROW_FIGARO,0.001401559071037302,illustrative
3 imports,Imported inputs (H53),AL,4.336204570475019e-09,illustrative
3 imports,Imported inputs (H53),AR,7.371547769807531e-08,illustrative
3 imports,Imported inputs (H53),AT,1.1722206355517469e-06,illustrative
3 imports,Imported inputs (H53),AU,3.2666074430911804e-07,illustrative
3 imports,Imported inputs (H53),BE,1.4295021067332644e-06,illustrative
3 imports,Imported inputs (H53),BG,2.081378193828009e-07,illustrative
3 imports,Imported inputs (H53),BR,1.0695971273838379e-07,illustrative
3 imports,Imported inputs (H53),CA,1.7561628510423826e-06,illustrative
3 imports,Imported inputs (H53),CH,4.61372166298542e-06,illustrative
3 imports,Imported inputs (H53),CN,1.5379072209951401e-06,illustrative
3 imports,Imported inputs (H53),CZ,2.9775271383928463e-07,illustrative
3 imports,Imported inputs (H53),DE,1.1628255256490508e-05,illustrative
3 imports,Imported inputs (H53),DK,1.3586774320821725e-07,illustrative
3 imports,Imported inputs (H53),EE,4.943273210341521e-07,illustrative
3 imports,Imported inputs (H53),EL,2.775170925104012e-07,illustrative
3 imports,Imported inputs (H53),ES,7.516087922156699e-08,illustrative
3 imports,Imported inputs (H53),FI,1.228591294967922e-07,illustrative
3 imports,Imported inputs (H53),FR,3.830314037252933e-07,illustrative
3 imports,Imported inputs (H53),HR,9.973270512092544e-08,illustrative
3 imports,Imported inputs (H53),HU,4.842095103697104e-07,illustrative
3 imports,Imported inputs (H53),ID,4.232135660783618e-06,illustrative
3 imports,Imported inputs (H53),IE,2.0813781938280088e-07,illustrative
3 imports,Imported inputs (H53),IN,6.008534133154884e-06,illustrative
3 imports,Imported inputs (H53),IT,7.342639739337698e-07,illustrative
3 imports,Imported inputs (H53),JP,1.7561628510423826e-06,illustrative
3 imports,Imported inputs (H53),KR,3.526779717319682e-07,illustrative
3 imports,Imported inputs (H53),LT,1.7344818281900077e-07,illustrative
3 imports,Imported inputs (H53),LU,4.1916644181258516e-08,illustrative
3 imports,Imported inputs (H53),LV,7.082467465109197e-07,illustrative
3 imports,Imported inputs (H53),ME,3.1798833516816804e-08,illustrative
3 imports,Imported inputs (H53),MK,2.890803046983346e-09,illustrative
3 imports,Imported inputs (H53),MT,6.215226551014195e-08,illustrative
3 imports,Imported inputs (H53),NL,3.7435899458434325e-06,illustrative
3 imports,Imported inputs (H53),NO,1.3153153863774223e-06,illustrative
3 imports,Imported inputs (H53),PL,9.467379978870458e-07,illustrative
3 imports,Imported inputs (H53),PT,1.6188497063106736e-07,illustrative
3 imports,Imported inputs (H53),RO,4.610830859938437e-07,illustrative
3 imports,Imported inputs (H53),RS,6.070686398665027e-08,illustrative
3 imports,Imported inputs (H53),RU,7.485589950011025e-05,illustrative
3 imports,Imported inputs (H53),SA,1.3702406442701058e-06,illustrative
3 imports,Imported inputs (H53),SE,2.645084787989761e-07,illustrative
3 imports,Imported inputs (H53),SI,7.227007617458365e-08,illustrative
3 imports,Imported inputs (H53),SK,3.078705245037263e-07,illustrative
3 imports,Imported inputs (H53),TR,1.3354064675539566e-05,illustrative
3 imports,Imported inputs (H53),UK,6.794832561934354e-06,illustrative
3 imports,Imported inputs (H53),US,2.2314108719664446e-05,illustrative
3 imports,Imported inputs (H53),ROW_FIGARO,8.917115618877179e-05,illustrative
3 imports,Imported inputs (H53),ZA,1.445401523491673e-09,illustrative
3 imports,Imported inputs (I),AR,5.635571697125872e-06,illustrative
3 imports,Imported inputs (I),AT,0.0006110569883026481,illustrative
3 imports,Imported inputs (I),AU,2.0932123446467525e-05,illustrative
3 imports,Imported inputs (I),BE,0.0003856341204176132,illustrative
3 imports,Imported inputs (I),BG,0.00308346279999887,illustrative
3 imports,Imported inputs (I),BR,4.266932856395304e-05,illustrative
3 imports,Imported inputs (I),CA,0.00018355862099209982,illustrative
3 imports,Imported inputs (I),CH,3.5423593524791194e-05,illustrative
3 imports,Imported inputs (I),CN,1.0466061723233762e-05,illustrative
3 imports,Imported inputs (I),CZ,1.529655174934165e-05,illustrative
3 imports,Imported inputs (I),DE,0.007900266437699454,illustrative
3 imports,Imported inputs (I),DK,1.2881306736287707e-05,illustrative
3 imports,Imported inputs (I),EE,2.9788021827665323e-05,illustrative
3 imports,Imported inputs (I),EL,0.0006545313985376191,illustrative
3 imports,Imported inputs (I),ES,0.001704357897545067,illustrative
3 imports,Imported inputs (I),FI,0.00026567695143593395,illustrative
3 imports,Imported inputs (I),HR,0.00013122831237593103,illustrative
3 imports,Imported inputs (I),HU,0.00033169364845940844,illustrative
3 imports,Imported inputs (I),ID,3.2203266840719268e-06,illustrative
3 imports,Imported inputs (I),IE,0.00039771034548288293,illustrative
3 imports,Imported inputs (I),IN,8.936406548299596e-05,illustrative
3 imports,Imported inputs (I),IT,5.313539028718679e-05,illustrative
3 imports,Imported inputs (I),JP,0.0003147869333680308,illustrative
3 imports,Imported inputs (I),KR,2.9788021827665323e-05,illustrative
3 imports,Imported inputs (I),LT,0.0005933451915402524,illustrative
3 imports,Imported inputs (I),LU,1.6906715091377612e-05,illustrative
3 imports,Imported inputs (I),LV,2.8982940156647342e-05,illustrative
3 imports,Imported inputs (I),ME,3.783883853784514e-05,illustrative
3 imports,Imported inputs (I),MK,3.220326684071927e-05,illustrative
3 imports,Imported inputs (I),MT,3.5423593524791194e-05,illustrative
3 imports,Imported inputs (I),NL,0.0002600413797388081,illustrative
3 imports,Imported inputs (I),NO,6.440653368143854e-05,illustrative
3 imports,Imported inputs (I),PL,0.0005780486397909108,illustrative
3 imports,Imported inputs (I),PT,0.00017067731425581212,illustrative
3 imports,Imported inputs (I),RO,0.0027823622550381447,illustrative
3 imports,Imported inputs (I),RS,2.415245013053945e-06,illustrative
3 imports,Imported inputs (I),RU,0.0004701676958745012,illustrative
3 imports,Imported inputs (I),SA,0.00039368493712779306,illustrative
3 imports,Imported inputs (I),SE,4.105916522191707e-05,illustrative
3 imports,Imported inputs (I),SI,1.2076225065269724e-05,illustrative
3 imports,Imported inputs (I),SK,6.682177869449248e-05,illustrative
3 imports,Imported inputs (I),TR,0.0005506758629762994,illustrative
3 imports,Imported inputs (I),UK,0.0008469459179109168,illustrative
3 imports,Imported inputs (I),US,8.292341211485211e-05,illustrative
3 imports,Imported inputs (I),ROW_FIGARO,0.0031196914751946787,illustrative
3 imports,Imported inputs (I),ZA,7.2457350391618355e-06,illustrative
3 imports,Imported inputs (J58),AL,3.3784911501713484e-05,illustrative
3 imports,Imported inputs (J58),AR,3.1737341107670245e-05,illustrative
3 imports,Imported inputs (J58),AT,0.0014507036241796366,illustrative
3 imports,Imported inputs (J58),AU,0.0035822244043786514,illustrative
3 imports,Imported inputs (J58),BE,0.00138313380117621,illustrative
3 imports,Imported inputs (J58),BG,0.0008732887730594425,illustrative
3 imports,Imported inputs (J58),BR,0.0017598867536801658,illustrative
3 imports,Imported inputs (J58),CA,0.00623382806466465,illustrative
3 imports,Imported inputs (J58),CH,0.0008159568020262318,illustrative
3 imports,Imported inputs (J58),CN,0.007615938080643837,illustrative
3 imports,Imported inputs (J58),CZ,0.010060737131131469,illustrative
3 imports,Imported inputs (J58),DE,0.007139877964028782,illustrative
3 imports,Imported inputs (J58),DK,0.0009725959371705398,illustrative
3 imports,Imported inputs (J58),EE,0.0003122544850915943,illustrative
3 imports,Imported inputs (J58),EL,0.007173662875530496,illustrative
3 imports,Imported inputs (J58),ES,0.001706649923435042,illustrative
3 imports,Imported inputs (J58),FI,0.002035284971678982,illustrative
3 imports,Imported inputs (J58),FR,0.0008446227875428372,illustrative
3 imports,Imported inputs (J58),HR,6.347468221534049e-05,illustrative
3 imports,Imported inputs (J58),HU,0.0009060498993641343,illustrative
3 imports,Imported inputs (J58),ID,0.0001330920756128107,illustrative
3 imports,Imported inputs (J58),IE,0.22515698324017697,illustrative
3 imports,Imported inputs (J58),IN,0.0019370015927649069,illustrative
3 imports,Imported inputs (J58),IT,0.0007105069267330049,illustrative
3 imports,Imported inputs (J58),JP,0.0017557916128920796,illustrative
3 imports,Imported inputs (J58),KR,0.0009255018181075453,illustrative
3 imports,Imported inputs (J58),LT,0.0008231232984053831,illustrative
3 imports,Imported inputs (J58),LU,0.00042282328636992936,illustrative
3 imports,Imported inputs (J58),LV,0.0009674770111854315,illustrative
3 imports,Imported inputs (J58),ME,2.9689770713627e-05,illustrative
3 imports,Imported inputs (J58),MK,8.190281576172966e-06,illustrative
3 imports,Imported inputs (J58),MT,0.0006900312227925725,illustrative
3 imports,Imported inputs (J58),MX,2.9689770713627002e-05,illustrative
3 imports,Imported inputs (J58),NL,0.0020967120835002793,illustrative
3 imports,Imported inputs (J58),NO,0.0005313445172542211,illustrative
3 imports,Imported inputs (J58),PL,0.002736577831638792,illustrative
3 imports,Imported inputs (J58),PT,7.678388977662156e-05,illustrative
3 imports,Imported inputs (J58),RO,0.001982048141433858,illustrative
3 imports,Imported inputs (J58),RS,0.0002846122847720106,illustrative
3 imports,Imported inputs (J58),RU,0.04009040453016965,illustrative
3 imports,Imported inputs (J58),SA,0.00024468466208816734,illustrative
3 imports,Imported inputs (J58),SE,0.0017731959612414475,illustrative
3 imports,Imported inputs (J58),SI,0.0007545296902049345,illustrative
3 imports,Imported inputs (J58),SK,0.00021601867657156196,illustrative
3 imports,Imported inputs (J58),TR,0.003231066081800235,illustrative
3 imports,Imported inputs (J58),UK,0.013205805256381885,illustrative
3 imports,Imported inputs (J58),US,0.059156356254303294,illustrative
3 imports,Imported inputs (J58),ROW_FIGARO,0.042780912027942465,illustrative
3 imports,Imported inputs (J58),ZA,3.788005228979997e-05,illustrative
3 imports,Imported inputs (J59-60),AL,1.2086810552688446e-06,illustrative
3 imports,Imported inputs (J59-60),AR,3.1727877700807174e-06,illustrative
3 imports,Imported inputs (J59-60),AT,1.0198246403830877e-05,illustrative
3 imports,Imported inputs (J59-60),AU,2.0245407675753148e-05,illustrative
3 imports,Imported inputs (J59-60),BE,2.3418195445833862e-05,illustrative
3 imports,Imported inputs (J59-60),BG,9.140650480470636e-06,illustrative
3 imports,Imported inputs (J59-60),BR,7.327628897567371e-06,illustrative
3 imports,Imported inputs (J59-60),CA,4.630759292998761e-05,illustrative
3 imports,Imported inputs (J59-60),CH,5.439064748709801e-06,illustrative
3 imports,Imported inputs (J59-60),CN,4.4721199044947246e-05,illustrative
3 imports,Imported inputs (J59-60),CZ,0.00011807303058657527,illustrative
3 imports,Imported inputs (J59-60),DE,5.96786271038992e-05,illustrative
3 imports,Imported inputs (J59-60),DK,7.856426859247489e-06,illustrative
3 imports,Imported inputs (J59-60),EE,9.291735612379244e-06,illustrative
3 imports,Imported inputs (J59-60),EL,0.0002170337919867119,illustrative
3 imports,Imported inputs (J59-60),ES,8.43055036050019e-05,illustrative
3 imports,Imported inputs (J59-60),FI,5.061351918938287e-06,illustrative
3 imports,Imported inputs (J59-60),FR,3.686477218569976e-05,illustrative
3 imports,Imported inputs (J59-60),HR,2.7195323743549003e-06,illustrative
3 imports,Imported inputs (J59-60),HU,0.00012608054257773135,illustrative
3 imports,Imported inputs (J59-60),ID,3.7015857317608366e-06,illustrative
3 imports,Imported inputs (J59-60),IN,9.518363310242152e-06,illustrative
3 imports,Imported inputs (J59-60),IT,4.449457134708434e-05,illustrative
3 imports,Imported inputs (J59-60),JP,0.0001420200239940892,illustrative
3 imports,Imported inputs (J59-60),KR,1.1482470025054024e-05,illustrative
3 imports,Imported inputs (J59-60),LT,9.21619304642494e-06,illustrative
3 imports,Imported inputs (J59-60),LU,1.1406927459099721e-05,illustrative
3 imports,Imported inputs (J59-60),LV,1.3899832135591712e-05,illustrative
3 imports,Imported inputs (J59-60),ME,5.287979616801195e-07,illustrative
3 imports,Imported inputs (J59-60),MT,3.1123537173172744e-05,illustrative
3 imports,Imported inputs (J59-60),MX,3.550500599852231e-06,illustrative
3 imports,Imported inputs (J59-60),NL,0.0001998100869491309,illustrative
3 imports,Imported inputs (J59-60),NO,2.1907344126747808e-05,illustrative
3 imports,Imported inputs (J59-60),PL,5.6430296767864176e-05,illustrative
3 imports,Imported inputs (J59-60),PT,1.0878129497419601e-05,illustrative
3 imports,Imported inputs (J59-60),RO,4.305926259395259e-06,illustrative
3 imports,Imported inputs (J59-60),RS,3.293655875607601e-05,illustrative
3 imports,Imported inputs (J59-60),RU,0.0006649256655297731,illustrative
3 imports,Imported inputs (J59-60),SA,5.590149880618406e-06,illustrative
3 imports,Imported inputs (J59-60),SE,1.4579715229180439e-05,illustrative
3 imports,Imported inputs (J59-60),SI,2.084974820338757e-05,illustrative
3 imports,Imported inputs (J59-60),SK,6.874373501841553e-06,illustrative
3 imports,Imported inputs (J59-60),TR,6.322912770375142e-05,illustrative
3 imports,Imported inputs (J59-60),UK,0.0008851322452865658,illustrative
3 imports,Imported inputs (J59-60),US,0.0006822249131333085,illustrative
3 imports,Imported inputs (J59-60),ROW_FIGARO,0.0005798647362652283,illustrative
3 imports,Imported inputs (J59-60),ZA,1.6619364509946613e-06,illustrative
3 imports,Imported inputs (J61),AL,6.831472764086996e-05,illustrative
3 imports,Imported inputs (J61),AR,1.2199058507298207e-05,illustrative
3 imports,Imported inputs (J61),AT,0.0004883108848207082,illustrative
3 imports,Imported inputs (J61),AU,0.00012896147564858104,illustrative
3 imports,Imported inputs (J61),BE,0.0018598336055698065,illustrative
3 imports,Imported inputs (J61),BG,0.00203863694883392,illustrative
3 imports,Imported inputs (J61),BR,0.00034645326160726904,illustrative
3 imports,Imported inputs (J61),CA,0.0008988963397234878,illustrative
3 imports,Imported inputs (J61),CH,0.0005109662791914048,illustrative
3 imports,Imported inputs (J61),CN,0.00030218810645221553,illustrative
3 imports,Imported inputs (J61),CZ,0.0016221262369418813,illustrative
3 imports,Imported inputs (J61),DE,0.0009957917187243136,illustrative
3 imports,Imported inputs (J61),DK,0.00013244692093638053,illustrative
3 imports,Imported inputs (J61),EE,0.0006577035258077631,illustrative
3 imports,Imported inputs (J61),EL,0.0028984963013340536,illustrative
3 imports,Imported inputs (J61),ES,0.000617969449526849,illustrative
3 imports,Imported inputs (J61),FI,4.0082620809694105e-05,illustrative
3 imports,Imported inputs (J61),FR,0.0006245917955736681,illustrative
3 imports,Imported inputs (J61),HR,2.997482947507559e-05,illustrative
3 imports,Imported inputs (J61),HU,0.00010909443750812394,illustrative
3 imports,Imported inputs (J61),ID,0.00029730848304929623,illustrative
3 imports,Imported inputs (J61),IE,0.00030776481891269474,illustrative
3 imports,Imported inputs (J61),IN,0.007474537419686,illustrative
3 imports,Imported inputs (J61),IT,0.001876563742951244,illustrative
3 imports,Imported inputs (J61),JP,0.0007803911999383053,illustrative
3 imports,Imported inputs (J61),KR,0.0004524107983563735,illustrative
3 imports,Imported inputs (J61),LT,0.0014353063695158289,illustrative
3 imports,Imported inputs (J61),LU,0.005718570083692618,illustrative
3 imports,Imported inputs (J61),LV,0.00428430934776313,illustrative
3 imports,Imported inputs (J61),ME,0.00026593947545910083,illustrative
3 imports,Imported inputs (J61),MK,2.091267172679692e-05,illustrative
3 imports,Imported inputs (J61),MT,0.00022585685464940675,illustrative
3 imports,Imported inputs (J61),MX,4.182534345359384e-05,illustrative
3 imports,Imported inputs (J61),NL,0.0019654425977901307,illustrative
3 imports,Imported inputs (J61),NO,0.0006486413680594845,illustrative
3 imports,Imported inputs (J61),PL,0.001229316553006879,illustrative
3 imports,Imported inputs (J61),PT,0.00024502680373230393,illustrative
3 imports,Imported inputs (J61),RO,0.0010341316168901078,illustrative
3 imports,Imported inputs (J61),RS,0.0002969599385205163,illustrative
3 imports,Imported inputs (J61),RU,0.017838857527486554,illustrative
3 imports,Imported inputs (J61),SA,0.0006172723604692892,illustrative
3 imports,Imported inputs (J61),SE,0.0005336216735621015,illustrative
3 imports,Imported inputs (J61),SI,0.000958148909616079,illustrative
3 imports,Imported inputs (J61),SK,0.0002363131905128052,illustrative
3 imports,Imported inputs (J61),TR,0.00029870266116441605,illustrative
3 imports,Imported inputs (J61),UK,0.006807771736129959,illustrative
3 imports,Imported inputs (J61),US,0.014375370545000205,illustrative
3 imports,Imported inputs (J61),ROW_FIGARO,0.14642843616385937,illustrative
3 imports,Imported inputs (J61),ZA,7.458852915890902e-05,illustrative
3 imports,Imported inputs (J62-63),AL,0.0005499748636410102,illustrative
3 imports,Imported inputs (J62-63),AR,0.0004871205935106089,illustrative
3 imports,Imported inputs (J62-63),AT,0.053866109501753794,illustrative
3 imports,Imported inputs (J62-63),AU,0.0021433306114466795,illustrative
3 imports,Imported inputs (J62-63),BE,0.05611629237242215,illustrative
3 imports,Imported inputs (J62-63),BG,0.22276496148266123,illustrative
3 imports,Imported inputs (J62-63),BR,0.022350978458370648,illustrative
3 imports,Imported inputs (J62-63),CA,0.07366834730633667,illustrative
3 imports,Imported inputs (J62-63),CH,0.13090030297357344,illustrative
3 imports,Imported inputs (J62-63),CN,0.053404130616295335,illustrative
3 imports,Imported inputs (J62-63),CZ,0.06769719164394856,illustrative
3 imports,Imported inputs (J62-63),DE,0.07176386292138552,illustrative
3 imports,Imported inputs (J62-63),DK,0.009135868163453808,illustrative
3 imports,Imported inputs (J62-63),EE,0.11261599579263973,illustrative
3 imports,Imported inputs (J62-63),EL,0.0789669622783295,illustrative
3 imports,Imported inputs (J62-63),ES,0.042668621278022824,illustrative
3 imports,Imported inputs (J62-63),FI,0.014861892172333354,illustrative
3 imports,Imported inputs (J62-63),FR,0.04743297495390723,illustrative
3 imports,Imported inputs (J62-63),HR,0.002291038146253122,illustrative
3 imports,Imported inputs (J62-63),HU,0.013208824867903802,illustrative
3 imports,Imported inputs (J62-63),ID,0.004732926540819207,illustrative
3 imports,Imported inputs (J62-63),IE,1.665097611732509,illustrative
3 imports,Imported inputs (J62-63),IN,1.4721035752971123,illustrative
3 imports,Imported inputs (J62-63),IT,0.026163089941779485,illustrative
3 imports,Imported inputs (J62-63),JP,0.027002194448020336,illustrative
3 imports,Imported inputs (J62-63),KR,0.047891811125859156,illustrative
3 imports,Imported inputs (J62-63),LT,0.21648896261014067,illustrative
3 imports,Imported inputs (J62-63),LU,0.0939011368613128,illustrative
3 imports,Imported inputs (J62-63),LV,0.2204079263527712,illustrative
3 imports,Imported inputs (J62-63),ME,0.0033689888789895017,illustrative
3 imports,Imported inputs (J62-63),MK,0.003356418024963422,illustrative
3 imports,Imported inputs (J62-63),MT,0.06375937162027893,illustrative
3 imports,Imported inputs (J62-63),MX,0.0008925306358516965,illustrative
3 imports,Imported inputs (J62-63),NL,0.09232349468103974,illustrative
3 imports,Imported inputs (J62-63),NO,0.03706516309589756,illustrative
3 imports,Imported inputs (J62-63),PL,0.15880131348445853,illustrative
3 imports,Imported inputs (J62-63),PT,0.0270430497236051,illustrative
3 imports,Imported inputs (J62-63),RO,0.13520896319101244,illustrative
3 imports,Imported inputs (J62-63),RS,0.03381874004366234,illustrative
3 imports,Imported inputs (J62-63),RU,1.0857760893676147,illustrative
3 imports,Imported inputs (J62-63),SA,0.032530227505989114,illustrative
3 imports,Imported inputs (J62-63),SE,0.057420518477627976,illustrative
3 imports,Imported inputs (J62-63),SI,0.02129502672017991,illustrative
3 imports,Imported inputs (J62-63),SK,0.012404290210234667,illustrative
3 imports,Imported inputs (J62-63),TR,0.05905787221452493,illustrative
3 imports,Imported inputs (J62-63),UK,0.24260176913581585,illustrative
3 imports,Imported inputs (J62-63),US,0.5565022795940522,illustrative
3 imports,Imported inputs (J62-63),ROW_FIGARO,3.585770113955749,illustrative
3 imports,Imported inputs (J62-63),ZA,0.0015430723317013482,illustrative
3 imports,Imported inputs (K64),AL,1.7014819578082707e-05,illustrative
3 imports,Imported inputs (K64),AR,2.9803027923393275e-05,illustrative
3 imports,Imported inputs (K64),AT,0.0017060336929820253,illustrative
3 imports,Imported inputs (K64),AU,0.0008061989989895367,illustrative
3 imports,Imported inputs (K64),BE,0.0029059577845013357,illustrative
3 imports,Imported inputs (K64),BG,6.274892060961712e-05,illustrative
3 imports,Imported inputs (K64),BR,0.0005015578662889603,illustrative
3 imports,Imported inputs (K64),CA,0.0010441897237887063,illustrative
3 imports,Imported inputs (K64),CH,0.05176038165229153,illustrative
3 imports,Imported inputs (K64),CN,0.0002006014715861853,illustrative
3 imports,Imported inputs (K64),CZ,0.0004935381424113928,illustrative
3 imports,Imported inputs (K64),DE,0.011483160846206928,illustrative
3 imports,Imported inputs (K64),DK,0.00036077919984354984,illustrative
3 imports,Imported inputs (K64),EE,0.0002943455412361314,illustrative
3 imports,Imported inputs (K64),EL,0.0006829770253571799,illustrative
3 imports,Imported inputs (K64),ES,0.0005256170379216633,illustrative
3 imports,Imported inputs (K64),FI,4.2374486974715535e-05,illustrative
3 imports,Imported inputs (K64),FR,0.002366577166411415,illustrative
3 imports,Imported inputs (K64),HR,4.725134608945262e-05,illustrative
3 imports,Imported inputs (K64),HU,0.00016006935361037044,illustrative
3 imports,Imported inputs (K64),ID,8.203960777457713e-05,illustrative
3 imports,Imported inputs (K64),IE,0.0029801944176923337,illustrative
3 imports,Imported inputs (K64),IN,0.009973827137519297,illustrative
3 imports,Imported inputs (K64),IT,0.001327806174972416,illustrative
3 imports,Imported inputs (K64),JP,0.004671380784036159,illustrative
3 imports,Imported inputs (K64),KR,0.0007748787260082251,illustrative
3 imports,Imported inputs (K64),LT,0.002526646520021785,illustrative
3 imports,Imported inputs (K64),LU,0.007797880975170607,illustrative
3 imports,Imported inputs (K64),LV,0.00045799125819730906,illustrative
3 imports,Imported inputs (K64),ME,6.903465013527824e-05,illustrative
3 imports,Imported inputs (K64),MK,2.7093661748539343e-06,illustrative
3 imports,Imported inputs (K64),MT,0.0010424557294367999,illustrative
3 imports,Imported inputs (K64),MX,0.00010913326952311649,illustrative
3 imports,Imported inputs (K64),NL,0.0009586821273103161,illustrative
3 imports,Imported inputs (K64),NO,0.0010512340758433265,illustrative
3 imports,Imported inputs (K64),PL,0.0009802486820621535,illustrative
3 imports,Imported inputs (K64),PT,6.372429243256453e-05,illustrative
3 imports,Imported inputs (K64),RO,9.10347034750922e-06,illustrative
3 imports,Imported inputs (K64),RS,8.290660495053039e-05,illustrative
3 imports,Imported inputs (K64),RU,0.015073396151829373,illustrative
3 imports,Imported inputs (K64),SA,0.002093906554574115,illustrative
3 imports,Imported inputs (K64),SE,0.0002183749136932271,illustrative
3 imports,Imported inputs (K64),SI,5.830556008285667e-05,illustrative
3 imports,Imported inputs (K64),SK,0.00017491668024857001,illustrative
3 imports,Imported inputs (K64),TR,0.0022609118855921114,illustrative
3 imports,Imported inputs (K64),UK,0.028447152714849377,illustrative
3 imports,Imported inputs (K64),US,0.06049039296625889,illustrative
3 imports,Imported inputs (K64),ROW_FIGARO,0.09248432275328604,illustrative
3 imports,Imported inputs (K64),ZA,0.001023273416918834,illustrative
3 imports,Imported inputs (K65),AL,1.0710811901844655e-07,illustrative
3 imports,Imported inputs (K65),AT,6.833497993376891e-05,illustrative
3 imports,Imported inputs (K65),AU,9.211298235586404e-06,illustrative
3 imports,Imported inputs (K65),BE,0.0003492795761191542,illustrative
3 imports,Imported inputs (K65),BG,7.176243974235918e-05,illustrative
3 imports,Imported inputs (K65),BR,0.00022128537389211054,illustrative
3 imports,Imported inputs (K65),CA,0.0001010029562343951,illustrative
3 imports,Imported inputs (K65),CH,0.0007159106675192967,illustrative
3 imports,Imported inputs (K65),CN,6.940606112395337e-05,illustrative
3 imports,Imported inputs (K65),CZ,5.890946546014561e-05,illustrative
3 imports,Imported inputs (K65),DE,0.0009268065538666181,illustrative
3 imports,Imported inputs (K65),DK,2.570594856442717e-05,illustrative
3 imports,Imported inputs (K65),EE,1.060370378282621e-05,illustrative
3 imports,Imported inputs (K65),EL,0.000938588446958647,illustrative
3 imports,Imported inputs (K65),ES,0.0001067867946613912,illustrative
3 imports,Imported inputs (K65),FI,7.390460212272812e-06,illustrative
3 imports,Imported inputs (K65),FR,0.00029529708413385714,illustrative
3 imports,Imported inputs (K65),HR,2.227848875583688e-05,illustrative
3 imports,Imported inputs (K65),HU,5.783838426996114e-06,illustrative
3 imports,Imported inputs (K65),ID,9.639730711660191e-07,illustrative
3 imports,Imported inputs (K65),IE,0.0013833013571232372,illustrative
3 imports,Imported inputs (K65),IN,0.0005218307558578716,illustrative
3 imports,Imported inputs (K65),IT,0.00028619289401728913,illustrative
3 imports,Imported inputs (K65),JP,9.982476692519217e-05,illustrative
3 imports,Imported inputs (K65),KR,2.3456678065039793e-05,illustrative
3 imports,Imported inputs (K65),LT,2.6455705397556298e-05,illustrative
3 imports,Imported inputs (K65),LU,0.00029808189522833673,illustrative
3 imports,Imported inputs (K65),LV,8.482963026260968e-05,illustrative
3 imports,Imported inputs (K65),ME,4.284324760737862e-07,illustrative
3 imports,Imported inputs (K65),MK,1.3924055472398053e-06,illustrative
3 imports,Imported inputs (K65),MT,3.5667003633142706e-05,illustrative
3 imports,Imported inputs (K65),MX,3.095424639633105e-05,illustrative
3 imports,Imported inputs (K65),NL,0.0003048297067264989,illustrative
3 imports,Imported inputs (K65),NO,0.00010250246990065334,illustrative
3 imports,Imported inputs (K65),PL,8.761444135708928e-05,illustrative
3 imports,Imported inputs (K65),PT,6.2122709030698995e-06,illustrative
3 imports,Imported inputs (K65),RO,3.0847138277312606e-05,illustrative
3 imports,Imported inputs (K65),RS,1.917235330430193e-05,illustrative
3 imports,Imported inputs (K65),RU,0.0003569913606884823,illustrative
3 imports,Imported inputs (K65),SA,3.5345679276087357e-06,illustrative
3 imports,Imported inputs (K65),SE,6.897762864787958e-05,illustrative
3 imports,Imported inputs (K65),SI,3.673808482332716e-05,illustrative
3 imports,Imported inputs (K65),SK,1.0068163187733975e-05,illustrative
3 imports,Imported inputs (K65),TR,0.0005639242466321211,illustrative
3 imports,Imported inputs (K65),UK,0.0014745574745269536,illustrative
3 imports,Imported inputs (K65),US,0.0012221036380004751,illustrative
3 imports,Imported inputs (K65),ROW_FIGARO,0.002680487786555643,illustrative
3 imports,Imported inputs (K65),ZA,2.8704975896943675e-05,illustrative
3 imports,Imported inputs (K66),AL,1.2086476390439025e-09,illustrative
3 imports,Imported inputs (K66),AR,3.952277779673561e-07,illustrative
3 imports,Imported inputs (K66),AT,1.26557494284287e-05,illustrative
3 imports,Imported inputs (K66),AU,3.7552682145094047e-06,illustrative
3 imports,Imported inputs (K66),BE,5.8949371299088264e-05,illustrative
3 imports,Imported inputs (K66),BG,2.417295278087805e-09,illustrative
3 imports,Imported inputs (K66),BR,7.056084916738303e-06,illustrative
3 imports,Imported inputs (K66),CA,5.47879974778601e-06,illustrative
3 imports,Imported inputs (K66),CH,0.0001657744842283445,illustrative
3 imports,Imported inputs (K66),CN,9.898824163769561e-07,illustrative
3 imports,Imported inputs (K66),CZ,4.000623685235317e-06,illustrative
3 imports,Imported inputs (K66),DE,0.00011755790396396613,illustrative
3 imports,Imported inputs (K66),DK,3.715382842420956e-06,illustrative
3 imports,Imported inputs (K66),EE,2.1006295966583026e-06,illustrative
3 imports,Imported inputs (K66),EL,2.743630140629659e-07,illustrative
3 imports,Imported inputs (K66),ES,3.557050001706205e-06,illustrative
3 imports,Imported inputs (K66),FR,7.274850139405248e-06,illustrative
3 imports,Imported inputs (K66),HR,3.4446457712751216e-07,illustrative
3 imports,Imported inputs (K66),HU,1.2086476390439026e-08,illustrative
3 imports,Imported inputs (K66),ID,7.022242782845074e-07,illustrative
3 imports,Imported inputs (K66),IE,2.713172220125752e-05,illustrative
3 imports,Imported inputs (K66),IT,1.8429459200141425e-05,illustrative
3 imports,Imported inputs (K66),JP,9.544690405529698e-06,illustrative
3 imports,Imported inputs (K66),KR,5.276955592065678e-06,illustrative
3 imports,Imported inputs (K66),LT,4.3511315005580483e-07,illustrative
3 imports,Imported inputs (K66),LU,6.478351345275316e-07,illustrative
3 imports,Imported inputs (K66),LV,7.378793836363024e-06,illustrative
3 imports,Imported inputs (K66),ME,1.2086476390439025e-09,illustrative
3 imports,Imported inputs (K66),MT,2.116825475021491e-05,illustrative
3 imports,Imported inputs (K66),NL,3.547380820593854e-05,illustrative
3 imports,Imported inputs (K66),NO,7.502075895545502e-06,illustrative
3 imports,Imported inputs (K66),PL,1.0249331979092295e-06,illustrative
3 imports,Imported inputs (K66),PT,1.1143731231984781e-06,illustrative
3 imports,Imported inputs (K66),RS,1.5591554543666343e-07,illustrative
3 imports,Imported inputs (K66),RU,4.601321561840137e-06,illustrative
3 imports,Imported inputs (K66),SA,3.240384320276703e-06,illustrative
3 imports,Imported inputs (K66),SE,6.94972392450244e-07,illustrative
3 imports,Imported inputs (K66),SI,1.3295124029482928e-08,illustrative
3 imports,Imported inputs (K66),SK,5.414741422916683e-07,illustrative
3 imports,Imported inputs (K66),TR,1.8238492873172487e-06,illustrative
3 imports,Imported inputs (K66),UK,0.00021477185086754528,illustrative
3 imports,Imported inputs (K66),US,8.436360520526439e-07,illustrative
3 imports,Imported inputs (K66),ROW_FIGARO,0.00046465008105875974,illustrative
3 imports,Imported inputs (K66),ZA,6.440883268464956e-06,illustrative
3 imports,Imported inputs (M69-70),AL,2.1199658164561874e-05,illustrative
3 imports,Imported inputs (M69-70),AR,3.160006933357269e-06,illustrative
3 imports,Imported inputs (M69-70),AT,0.0001542267461552135,illustrative
3 imports,Imported inputs (M69-70),AU,9.572059836965707e-06,illustrative
3 imports,Imported inputs (M69-70),BE,0.0005017354697876192,illustrative
3 imports,Imported inputs (M69-70),BG,7.418346373648424e-05,illustrative
3 imports,Imported inputs (M69-70),BR,0.00019723965606362995,illustrative
3 imports,Imported inputs (M69-70),CA,7.360054983615619e-05,illustrative
3 imports,Imported inputs (M69-70),CH,0.00020208704534004204,illustrative
3 imports,Imported inputs (M69-70),CN,0.0001966874218422665,illustrative
3 imports,Imported inputs (M69-70),CZ,0.00020730259076402974,illustrative
3 imports,Imported inputs (M69-70),DE,0.0003575102989748763,illustrative
3 imports,Imported inputs (M69-70),DK,3.614066182033847e-05,illustrative
3 imports,Imported inputs (M69-70),EE,8.940058450294252e-05,illustrative
3 imports,Imported inputs (M69-70),EL,0.00020214840469797135,illustrative
3 imports,Imported inputs (M69-70),ES,0.00012578668375499811,illustrative
3 imports,Imported inputs (M69-70),FI,2.813326561056908e-05,illustrative
3 imports,Imported inputs (M69-70),FR,0.00017202095995470107,illustrative
3 imports,Imported inputs (M69-70),HR,5.123506387093825e-06,illustrative
3 imports,Imported inputs (M69-70),HU,9.762273846546436e-05,illustrative
3 imports,Imported inputs (M69-70),ID,5.0437392217857766e-05,illustrative
3 imports,Imported inputs (M69-70),IE,0.0011361605510972791,illustrative
3 imports,Imported inputs (M69-70),IN,0.0003092511639635075,illustrative
3 imports,Imported inputs (M69-70),IT,7.393802630476717e-05,illustrative
3 imports,Imported inputs (M69-70),JP,0.00022976011576614165,illustrative
3 imports,Imported inputs (M69-70),KR,0.00011912919341967258,illustrative
3 imports,Imported inputs (M69-70),LT,8.231357866211216e-05,illustrative
3 imports,Imported inputs (M69-70),LU,0.0006885440350032736,illustrative
3 imports,Imported inputs (M69-70),LV,0.00014720109967231238,illustrative
3 imports,Imported inputs (M69-70),ME,1.8407807378780208e-05,illustrative
3 imports,Imported inputs (M69-70),MK,2.9759288595694674e-06,illustrative
3 imports,Imported inputs (M69-70),MT,3.476007626692996e-05,illustrative
3 imports,Imported inputs (M69-70),MX,2.034062715355213e-05,illustrative
3 imports,Imported inputs (M69-70),NL,0.00066958399340313,illustrative
3 imports,Imported inputs (M69-70),NO,7.179044877724281e-05,illustrative
3 imports,Imported inputs (M69-70),PL,0.0004524945850493821,illustrative
3 imports,Imported inputs (M69-70),PT,2.294839986554599e-05,illustrative
3 imports,Imported inputs (M69-70),RO,0.00026117610702592654,illustrative
3 imports,Imported inputs (M69-70),RS,5.8199350995910094e-05,illustrative
3 imports,Imported inputs (M69-70),RU,0.0019299358849492463,illustrative
3 imports,Imported inputs (M69-70),SA,5.430303176740161e-06,illustrative
3 imports,Imported inputs (M69-70),SE,0.0001144965618960129,illustrative
3 imports,Imported inputs (M69-70),SI,4.1663004033972535e-05,illustrative
3 imports,Imported inputs (M69-70),SK,7.593220543746836e-05,illustrative
3 imports,Imported inputs (M69-70),TR,0.0003488279498278849,illustrative
3 imports,Imported inputs (M69-70),UK,0.001336161378267726,illustrative
3 imports,Imported inputs (M69-70),US,0.0032488246039598834,illustrative
3 imports,Imported inputs (M69-70),ROW_FIGARO,0.005841533593582111,illustrative
3 imports,Imported inputs (M69-70),ZA,1.3437699386509552e-05,illustrative
3 imports,Imported inputs (M71),AL,7.0515624957164835e-06,illustrative
3 imports,Imported inputs (M71),AR,1.2592075885208007e-07,illustrative
3 imports,Imported inputs (M71),AT,0.00012667628340519253,illustrative
3 imports,Imported inputs (M71),AU,2.266573659337441e-06,illustrative
3 imports,Imported inputs (M71),BE,0.00010268837884387129,illustrative
3 imports,Imported inputs (M71),BG,0.00017465209252783505,illustrative
3 imports,Imported inputs (M71),BR,9.878483531945681e-05,illustrative
3 imports,Imported inputs (M71),CA,7.693758365862092e-05,illustrative
3 imports,Imported inputs (M71),CH,0.00014134605181145987,illustrative
3 imports,Imported inputs (M71),CN,4.218345421544682e-06,illustrative
3 imports,Imported inputs (M71),CZ,0.00011188059424007314,illustrative
3 imports,Imported inputs (M71),DE,0.00044462619950669463,illustrative
3 imports,Imported inputs (M71),DK,6.755648712414095e-05,illustrative
3 imports,Imported inputs (M71),EE,2.9024734915404454e-05,illustrative
3 imports,Imported inputs (M71),EL,5.7797628313104753e-05,illustrative
3 imports,Imported inputs (M71),ES,0.00016331922423114782,illustrative
3 imports,Imported inputs (M71),FI,2.568783480582433e-05,illustrative
3 imports,Imported inputs (M71),FR,0.00022741289048685659,illustrative
3 imports,Imported inputs (M71),HR,1.6684500547900608e-05,illustrative
3 imports,Imported inputs (M71),HU,5.8616113245643266e-05,illustrative
3 imports,Imported inputs (M71),ID,8.121888945959165e-06,illustrative
3 imports,Imported inputs (M71),IE,7.404140620502307e-05,illustrative
3 imports,Imported inputs (M71),IN,3.425044640776578e-05,illustrative
3 imports,Imported inputs (M71),IT,6.818609091840135e-05,illustrative
3 imports,Imported inputs (M71),JP,0.0001240949078487249,illustrative
3 imports,Imported inputs (M71),KR,4.558331470445298e-05,illustrative
3 imports,Imported inputs (M71),LT,3.601333703169489e-05,illustrative
3 imports,Imported inputs (M71),LU,2.379902342304313e-05,illustrative
3 imports,Imported inputs (M71),LV,4.0105761694387505e-05,illustrative
3 imports,Imported inputs (M71),ME,8.058928566533125e-06,illustrative
3 imports,Imported inputs (M71),MK,4.029464283266562e-06,illustrative
3 imports,Imported inputs (M71),MT,2.5435993288120174e-05,illustrative
3 imports,Imported inputs (M71),MX,6.673800219160243e-06,illustrative
3 imports,Imported inputs (M71),NL,0.0001230245813984822,illustrative
3 imports,Imported inputs (M71),NO,0.00010130325049649841,illustrative
3 imports,Imported inputs (M71),PL,0.0003536484512360669,illustrative
3 imports,Imported inputs (M71),PT,1.3032798541190285e-05,illustrative
3 imports,Imported inputs (M71),RO,0.0005569475164027501,illustrative
3 imports,Imported inputs (M71),RS,2.549895366754621e-05,illustrative
3 imports,Imported inputs (M71),RU,0.002505697180397541,illustrative
3 imports,Imported inputs (M71),SA,2.5184151770416015e-07,illustrative
3 imports,Imported inputs (M71),SE,8.191145363327809e-05,illustrative
3 imports,Imported inputs (M71),SI,3.2424595404410616e-05,illustrative
3 imports,Imported inputs (M71),SK,1.8195549654125567e-05,illustrative
3 imports,Imported inputs (M71),TR,0.00016974118293260393,illustrative
3 imports,Imported inputs (M71),UK,0.000503305273131764,illustrative
3 imports,Imported inputs (M71),US,0.0003290939032599113,illustrative
3 imports,Imported inputs (M71),ROW_FIGARO,0.0013670587184776073,illustrative
3 imports,Imported inputs (M71),ZA,2.2665736593374413e-06,illustrative
3 imports,Imported inputs (M73),AL,1.9848411266045674e-05,illustrative
3 imports,Imported inputs (M73),AR,1.9848411266045674e-05,illustrative
3 imports,Imported inputs (M73),AT,0.009291891959833095,illustrative
3 imports,Imported inputs (M73),AU,0.00019848411266045672,illustrative
3 imports,Imported inputs (M73),BE,0.015660396488910034,illustrative
3 imports,Imported inputs (M73),BG,0.01767926346339925,illustrative
3 imports,Imported inputs (M73),BR,0.0009924205633022837,illustrative
3 imports,Imported inputs (M73),CA,0.004664376647520733,illustrative
3 imports,Imported inputs (M73),CH,2.8354873237208102e-05,illustrative
3 imports,Imported inputs (M73),CN,0.002160641340675257,illustrative
3 imports,Imported inputs (M73),CZ,0.01193173065821717,illustrative
3 imports,Imported inputs (M73),DE,0.05032989999604438,illustrative
3 imports,Imported inputs (M73),DK,0.0034252686870547386,illustrative
3 imports,Imported inputs (M73),EE,0.016530891097292322,illustrative
3 imports,Imported inputs (M73),EL,0.018683025975996418,illustrative
3 imports,Imported inputs (M73),ES,0.008384536016242436,illustrative
3 imports,Imported inputs (M73),FI,0.0004962102816511417,illustrative
3 imports,Imported inputs (M73),FR,0.012813567215894342,illustrative
3 imports,Imported inputs (M73),HR,0.0017353182421171358,illustrative
3 imports,Imported inputs (M73),HU,0.0035131687940900837,illustrative
3 imports,Imported inputs (M73),ID,0.0018884345575980596,illustrative
3 imports,Imported inputs (M73),IE,0.0016927859322613237,illustrative
3 imports,Imported inputs (M73),IN,0.0064082013516090315,illustrative
3 imports,Imported inputs (M73),IT,0.010298489959753984,illustrative
3 imports,Imported inputs (M73),JP,0.006422378788227635,illustrative
3 imports,Imported inputs (M73),KR,0.0018033699378864352,illustrative
3 imports,Imported inputs (M73),LT,0.022763292234830666,illustrative
3 imports,Imported inputs (M73),LU,0.00015311631548092376,illustrative
3 imports,Imported inputs (M73),LV,0.05826926450246265,illustrative
3 imports,Imported inputs (M73),ME,0.0003601068901125429,illustrative
3 imports,Imported inputs (M73),MK,0.00011341949294883241,illustrative
3 imports,Imported inputs (M73),MT,0.02023120205474798,illustrative
3 imports,Imported inputs (M73),MX,0.000283548732372081,illustrative
3 imports,Imported inputs (M73),NL,0.01612825189732397,illustrative
3 imports,Imported inputs (M73),NO,0.003791046551814723,illustrative
3 imports,Imported inputs (M73),PL,0.040788485151723855,illustrative
3 imports,Imported inputs (M73),PT,0.001253285397084598,illustrative
3 imports,Imported inputs (M73),RS,0.0027532581913329067,illustrative
3 imports,Imported inputs (M73),RU,0.19726485311125674,illustrative
3 imports,Imported inputs (M73),SA,9.357108168278674e-05,illustrative
3 imports,Imported inputs (M73),SE,0.005784394140390453,illustrative
3 imports,Imported inputs (M73),SI,0.005642619774204413,illustrative
3 imports,Imported inputs (M73),SK,0.0025632805406436126,illustrative
3 imports,Imported inputs (M73),TR,0.011920388708922288,illustrative
3 imports,Imported inputs (M73),UK,0.019122526511173143,illustrative
3 imports,Imported inputs (M73),US,0.03432640954096413,illustrative
3 imports,Imported inputs (M73),ROW_FIGARO,0.19476678877905876,illustrative
3 imports,Imported inputs (M73),ZA,0.0001871421633655735,illustrative
3 imports,Imported inputs (M74-75),AL,2.2755601602100874e-05,illustrative
3 imports,Imported inputs (M74-75),AR,4.2935097362454487e-07,illustrative
3 imports,Imported inputs (M74-75),AT,0.00010519098853801348,illustrative
3 imports,Imported inputs (M74-75),AU,6.869615577992717e-05,illustrative
3 imports,Imported inputs (M74-75),BE,0.00018934377936842426,illustrative
3 imports,Imported inputs (M74-75),BG,7.513642038429535e-05,illustrative
3 imports,Imported inputs (M74-75),BR,0.00016916428360807067,illustrative
3 imports,Imported inputs (M74-75),CA,5.9250434360187185e-05,illustrative
3 imports,Imported inputs (M74-75),CH,5.581562657119083e-06,illustrative
3 imports,Imported inputs (M74-75),CN,0.00016530012484544977,illustrative
3 imports,Imported inputs (M74-75),CZ,0.00012494113332474254,illustrative
3 imports,Imported inputs (M74-75),DE,0.00044652501256952666,illustrative
3 imports,Imported inputs (M74-75),DK,5.7533030465689006e-05,illustrative
3 imports,Imported inputs (M74-75),EE,0.00019535469299916788,illustrative
3 imports,Imported inputs (M74-75),EL,0.0009359851225015078,illustrative
3 imports,Imported inputs (M74-75),ES,0.000512215711534082,illustrative
3 imports,Imported inputs (M74-75),FI,8.587019472490897e-06,illustrative
3 imports,Imported inputs (M74-75),FR,3.8641587626209034e-06,illustrative
3 imports,Imported inputs (M74-75),HR,1.760338991860634e-05,illustrative
3 imports,Imported inputs (M74-75),HU,0.00035936676492374404,illustrative
3 imports,Imported inputs (M74-75),ID,2.661976036472178e-05,illustrative
3 imports,Imported inputs (M74-75),IE,0.0019080357267874772,illustrative
3 imports,Imported inputs (M74-75),IN,0.0004439489067277794,illustrative
3 imports,Imported inputs (M74-75),IT,0.0004834491963012375,illustrative
3 imports,Imported inputs (M74-75),JP,0.000732902111977098,illustrative
3 imports,Imported inputs (M74-75),KR,7.427771843704626e-05,illustrative
3 imports,Imported inputs (M74-75),LT,0.0003937148428137076,illustrative
3 imports,Imported inputs (M74-75),LU,5.7533030465689006e-05,illustrative
3 imports,Imported inputs (M74-75),LV,0.000938561228343255,illustrative
3 imports,Imported inputs (M74-75),ME,4.2935097362454487e-07,illustrative
3 imports,Imported inputs (M74-75),MK,9.875072393364531e-06,illustrative
3 imports,Imported inputs (M74-75),MT,0.000196213394946417,illustrative
3 imports,Imported inputs (M74-75),MX,1.9320793813104515e-05,illustrative
3 imports,Imported inputs (M74-75),NL,0.0006212708588347164,illustrative
3 imports,Imported inputs (M74-75),NO,0.00024558875691323964,illustrative
3 imports,Imported inputs (M74-75),PL,0.0023936316779568376,illustrative
3 imports,Imported inputs (M74-75),PT,0.00023700173744074871,illustrative
3 imports,Imported inputs (M74-75),RO,1.0733774340613621e-05,illustrative
3 imports,Imported inputs (M74-75),RS,0.00010690839243251166,illustrative
3 imports,Imported inputs (M74-75),RU,0.0006727929756696617,illustrative
3 imports,Imported inputs (M74-75),SA,5.152211683494538e-06,illustrative
3 imports,Imported inputs (M74-75),SE,0.0001515608936894643,illustrative
3 imports,Imported inputs (M74-75),SI,0.0007024181928497554,illustrative
3 imports,Imported inputs (M74-75),SK,0.00015928921121470614,illustrative
3 imports,Imported inputs (M74-75),TR,0.0007633860311044408,illustrative
3 imports,Imported inputs (M74-75),UK,0.0014679509788223188,illustrative
3 imports,Imported inputs (M74-75),US,0.0003597961158973686,illustrative
3 imports,Imported inputs (M74-75),ROW_FIGARO,0.016070177591793088,illustrative
3 imports,Imported inputs (M74-75),ZA,4.2935097362454487e-07,illustrative
3 imports,Imported inputs (N77),AL,2.3864244658688896e-06,illustrative
3 imports,Imported inputs (N77),AR,1.1932122329344448e-06,illustrative
3 imports,Imported inputs (N77),AT,0.0009247394805241947,illustrative
3 imports,Imported inputs (N77),AU,9.307055416888668e-05,illustrative
3 imports,Imported inputs (N77),BE,0.0016967477952327804,illustrative
3 imports,Imported inputs (N77),BG,0.00022074426309287226,illustrative
3 imports,Imported inputs (N77),BR,0.002109599227828098,illustrative
3 imports,Imported inputs (N77),CA,0.0011955986574003136,illustrative
3 imports,Imported inputs (N77),CH,2.625066912455779e-05,illustrative
3 imports,Imported inputs (N77),CN,0.00019568680620124894,illustrative
3 imports,Imported inputs (N77),CZ,0.0010452539160505736,illustrative
3 imports,Imported inputs (N77),DE,0.013829329779710214,illustrative
3 imports,Imported inputs (N77),DK,0.00010619588873116557,illustrative
3 imports,Imported inputs (N77),EE,0.0003901804001695634,illustrative
3 imports,Imported inputs (N77),EL,0.001841126475417848,illustrative
3 imports,Imported inputs (N77),ES,0.0008471806853834556,illustrative
3 imports,Imported inputs (N77),FI,0.0009044548725643091,illustrative
3 imports,Imported inputs (N77),FR,0.006253625312809424,illustrative
3 imports,Imported inputs (N77),HR,8.471806853834557e-05,illustrative
3 imports,Imported inputs (N77),HU,0.0013542958843805947,illustrative
3 imports,Imported inputs (N77),ID,0.0007899064982026024,illustrative
3 imports,Imported inputs (N77),IE,0.026768523233651333,illustrative
3 imports,Imported inputs (N77),IN,0.00032574693959110346,illustrative
3 imports,Imported inputs (N77),IT,0.001722998464357338,illustrative
3 imports,Imported inputs (N77),JP,0.0014246954061237268,illustrative
3 imports,Imported inputs (N77),KR,0.00023506280988808557,illustrative
3 imports,Imported inputs (N77),LT,0.0007600761923792413,illustrative
3 imports,Imported inputs (N77),LU,0.0008376349875199801,illustrative
3 imports,Imported inputs (N77),LV,0.000453420648515089,illustrative
3 imports,Imported inputs (N77),ME,2.2671032425754448e-05,illustrative
3 imports,Imported inputs (N77),MK,1.1932122329344448e-06,illustrative
3 imports,Imported inputs (N77),MT,0.0026334193980863192,illustrative
3 imports,Imported inputs (N77),MX,0.00016227686367908448,illustrative
3 imports,Imported inputs (N77),NL,0.011921383419248038,illustrative
3 imports,Imported inputs (N77),NO,0.000541718353752238,illustrative
3 imports,Imported inputs (N77),PL,0.000906841297030178,illustrative
3 imports,Imported inputs (N77),PT,8.113843183954224e-05,illustrative
3 imports,Imported inputs (N77),RO,0.001035708218187098,illustrative
3 imports,Imported inputs (N77),RS,0.0005476844149169101,illustrative
3 imports,Imported inputs (N77),RU,0.0072451846783779476,illustrative
3 imports,Imported inputs (N77),SA,0.0005882536308366812,illustrative
3 imports,Imported inputs (N77),SE,0.0012874759993362656,illustrative
3 imports,Imported inputs (N77),SI,0.00011932122329344448,illustrative
3 imports,Imported inputs (N77),SK,0.0001407990434862645,illustrative
3 imports,Imported inputs (N77),TR,0.001759988043578306,illustrative
3 imports,Imported inputs (N77),UK,0.006461244241340018,illustrative
3 imports,Imported inputs (N77),US,0.007598375499326544,illustrative
3 imports,Imported inputs (N77),ROW_FIGARO,0.043669181300934806,illustrative
3 imports,Imported inputs (N77),ZA,1.6704971261082227e-05,illustrative
3 imports,Imported inputs (N78),AT,4.0853272977085426e-07,illustrative
3 imports,Imported inputs (N78),AU,3.1357647366195306e-06,illustrative
3 imports,Imported inputs (N78),BE,1.0765389500718458e-06,illustrative
3 imports,Imported inputs (N78),BG,1.656213769341301e-08,illustrative
3 imports,Imported inputs (N78),BR,2.145900973809879e-05,illustrative
3 imports,Imported inputs (N78),CA,4.2509486746426726e-07,illustrative
3 imports,Imported inputs (N78),CH,5.520712564471004e-09,illustrative
3 imports,Imported inputs (N78),CN,1.8770422719201414e-07,illustrative
3 imports,Imported inputs (N78),CZ,1.7114208949860112e-07,illustrative
3 imports,Imported inputs (N78),DE,1.5082586726134781e-05,illustrative
3 imports,Imported inputs (N78),DK,9.385211359600707e-08,illustrative
3 imports,Imported inputs (N78),EE,1.0599768123784327e-06,illustrative
3 imports,Imported inputs (N78),EL,1.656213769341301e-08,illustrative
3 imports,Imported inputs (N78),ES,4.968641308023903e-07,illustrative
3 imports,Imported inputs (N78),FI,7.176926333812305e-08,illustrative
3 imports,Imported inputs (N78),HR,2.2082850257884017e-08,illustrative
3 imports,Imported inputs (N78),HU,1.2145567641836208e-07,illustrative
3 imports,Imported inputs (N78),ID,7.508169087680566e-07,illustrative
3 imports,Imported inputs (N78),IE,3.3124275386826022e-06,illustrative
3 imports,Imported inputs (N78),IN,4.433132189270216e-06,illustrative
3 imports,Imported inputs (N78),IT,2.2966164268199375e-06,illustrative
3 imports,Imported inputs (N78),JP,1.9819358106450903e-06,illustrative
3 imports,Imported inputs (N78),KR,2.4787999414474807e-06,illustrative
3 imports,Imported inputs (N78),LT,8.888347228798317e-07,illustrative
3 imports,Imported inputs (N78),LU,8.281068846706507e-07,illustrative
3 imports,Imported inputs (N78),LV,6.238405197852235e-07,illustrative
3 imports,Imported inputs (N78),ME,5.520712564471004e-09,illustrative
3 imports,Imported inputs (N78),MK,1.656213769341301e-08,illustrative
3 imports,Imported inputs (N78),MT,4.416570051576803e-07,illustrative
3 imports,Imported inputs (N78),NL,1.0931010877652587e-06,illustrative
3 imports,Imported inputs (N78),NO,2.0426636488542713e-07,illustrative
3 imports,Imported inputs (N78),PL,8.667518726219476e-07,illustrative
3 imports,Imported inputs (N78),RS,4.416570051576803e-08,illustrative
3 imports,Imported inputs (N78),RU,9.219589982666577e-07,illustrative
3 imports,Imported inputs (N78),SA,6.624855077365204e-08,illustrative
3 imports,Imported inputs (N78),SE,2.981184784814342e-07,illustrative
3 imports,Imported inputs (N78),SI,2.1530779001436916e-07,illustrative
3 imports,Imported inputs (N78),SK,1.1041425128942008e-08,illustrative
3 imports,Imported inputs (N78),TR,4.814061356218716e-06,illustrative
3 imports,Imported inputs (N78),UK,0.00011978290051132736,illustrative
3 imports,Imported inputs (N78),US,1.3636160034243381e-05,illustrative
3 imports,Imported inputs (N78),ROW_FIGARO,8.970605846008933e-05,illustrative
3 imports,Imported inputs (N78),ZA,1.3249710154730409e-07,illustrative
3 imports,Imported inputs (N80-82),AL,1.4831983152238089e-05,illustrative
3 imports,Imported inputs (N80-82),AT,1.480713895935327e-05,illustrative
3 imports,Imported inputs (N80-82),BE,6.41228618357228e-05,illustrative
3 imports,Imported inputs (N80-82),BG,3.617314484029926e-05,illustrative
3 imports,Imported inputs (N80-82),BR,4.196184178246254e-05,illustrative
3 imports,Imported inputs (N80-82),CA,0.0007044074008633276,illustrative
3 imports,Imported inputs (N80-82),CH,0.00014444413743234884,illustrative
3 imports,Imported inputs (N80-82),CN,0.0002066539964159404,illustrative
3 imports,Imported inputs (N80-82),CZ,3.224776236449756e-05,illustrative
3 imports,Imported inputs (N80-82),DE,0.0002397216171456371,illustrative
3 imports,Imported inputs (N80-82),DK,2.8794419553507447e-05,illustrative
3 imports,Imported inputs (N80-82),EE,1.540339958858897e-05,illustrative
3 imports,Imported inputs (N80-82),EL,5.321626115928641e-05,illustrative
3 imports,Imported inputs (N80-82),ES,2.496841384924503e-05,illustrative
3 imports,Imported inputs (N80-82),FI,9.192351367383742e-07,illustrative
3 imports,Imported inputs (N80-82),FR,0.00029815515881073586,illustrative
3 imports,Imported inputs (N80-82),HR,1.0931444869321206e-06,illustrative
3 imports,Imported inputs (N80-82),HU,1.5055580888201478e-05,illustrative
3 imports,Imported inputs (N80-82),ID,8.206036909856349e-05,illustrative
3 imports,Imported inputs (N80-82),IE,8.588637480282591e-05,illustrative
3 imports,Imported inputs (N80-82),IN,0.0023757011004181157,illustrative
3 imports,Imported inputs (N80-82),IT,9.381167233308379e-05,illustrative
3 imports,Imported inputs (N80-82),JP,0.0003411853008872457,illustrative
3 imports,Imported inputs (N80-82),KR,0.000352936604121766,illustrative
3 imports,Imported inputs (N80-82),LT,0.00016804612067292872,illustrative
3 imports,Imported inputs (N80-82),LU,9.266883946038205e-06,illustrative
3 imports,Imported inputs (N80-82),LV,8.362555325030722e-05,illustrative
3 imports,Imported inputs (N80-82),ME,7.453257865446276e-08,illustrative
3 imports,Imported inputs (N80-82),MK,2.881926374639227e-06,illustrative
3 imports,Imported inputs (N80-82),MT,2.69559492800307e-05,illustrative
3 imports,Imported inputs (N80-82),MX,2.1713824581333485e-05,illustrative
3 imports,Imported inputs (N80-82),NL,0.00019798337309913792,illustrative
3 imports,Imported inputs (N80-82),NO,5.8905581329910404e-05,illustrative
3 imports,Imported inputs (N80-82),PL,4.474439138556248e-05,illustrative
3 imports,Imported inputs (N80-82),PT,2.3005722611344176e-05,illustrative
3 imports,Imported inputs (N80-82),RS,5.7067111056433656e-05,illustrative
3 imports,Imported inputs (N80-82),RU,0.0005554664645188262,illustrative
3 imports,Imported inputs (N80-82),SA,4.496798912152586e-06,illustrative
3 imports,Imported inputs (N80-82),SE,9.117818788729278e-06,illustrative
3 imports,Imported inputs (N80-82),SI,3.254589267911541e-06,illustrative
3 imports,Imported inputs (N80-82),SK,9.068130402959635e-06,illustrative
3 imports,Imported inputs (N80-82),TR,0.00014434476066080954,illustrative
3 imports,Imported inputs (N80-82),UK,0.006469701113329101,illustrative
3 imports,Imported inputs (N80-82),US,0.00019313875548659785,illustrative
3 imports,Imported inputs (N80-82),ROW_FIGARO,0.011356578697966262,illustrative
3 imports,Imported inputs (N80-82),ZA,1.075753551912746e-05,illustrative
3 imports,Imported inputs (P85),AT,4.448782735258889e-05,illustrative
3 imports,Imported inputs (P85),AU,1.2809188680466769e-05,illustrative
3 imports,Imported inputs (P85),BE,3.002584013270705e-05,illustrative
3 imports,Imported inputs (P85),BG,0.00016376478861370957,illustrative
3 imports,Imported inputs (P85),BR,1.101865692943378e-06,illustrative
3 imports,Imported inputs (P85),CA,4.861982370112655e-05,illustrative
3 imports,Imported inputs (P85),CH,1.9282649626509113e-06,illustrative
3 imports,Imported inputs (P85),CN,5.50932846471689e-07,illustrative
3 imports,Imported inputs (P85),CZ,1.0605457294580013e-05,illustrative
3 imports,Imported inputs (P85),DE,3.663703429036732e-05,illustrative
3 imports,Imported inputs (P85),DK,3.856529925301823e-06,illustrative
3 imports,Imported inputs (P85),EE,2.024678210783457e-05,illustrative
3 imports,Imported inputs (P85),EL,0.000182496505393747,illustrative
3 imports,Imported inputs (P85),ES,2.506744451446185e-05,illustrative
3 imports,Imported inputs (P85),FI,7.437593427367802e-06,illustrative
3 imports,Imported inputs (P85),FR,1.404878758502807e-05,illustrative
3 imports,Imported inputs (P85),HU,7.850793062221568e-06,illustrative
3 imports,Imported inputs (P85),ID,2.754664232358445e-07,illustrative
3 imports,Imported inputs (P85),IE,2.754664232358445e-07,illustrative
3 imports,Imported inputs (P85),IN,1.2120522622377157e-05,illustrative
3 imports,Imported inputs (P85),IT,1.886944999165535e-05,illustrative
3 imports,Imported inputs (P85),JP,0.00013580494665527132,illustrative
3 imports,Imported inputs (P85),KR,4.26972956015559e-06,illustrative
3 imports,Imported inputs (P85),LT,4.7242491584947336e-05,illustrative
3 imports,Imported inputs (P85),LU,4.1319963485376677e-07,illustrative
3 imports,Imported inputs (P85),LV,1.9420382838127035e-05,illustrative
3 imports,Imported inputs (P85),ME,1.652798539415067e-06,illustrative
3 imports,Imported inputs (P85),MK,1.3773321161792224e-07,illustrative
3 imports,Imported inputs (P85),MT,1.1294123352669625e-05,illustrative
3 imports,Imported inputs (P85),NL,0.00014448213898720044,illustrative
3 imports,Imported inputs (P85),NO,1.9282649626509113e-06,illustrative
3 imports,Imported inputs (P85),PL,1.9695849261362884e-05,illustrative
3 imports,Imported inputs (P85),PT,6.473460946042346e-06,illustrative
3 imports,Imported inputs (P85),RS,4.682929195009357e-06,illustrative
3 imports,Imported inputs (P85),RU,8.319085981722504e-05,illustrative
3 imports,Imported inputs (P85),SA,1.9282649626509113e-06,illustrative
3 imports,Imported inputs (P85),SE,2.0109048896216652e-05,illustrative
3 imports,Imported inputs (P85),SI,2.2863713128575093e-05,illustrative
3 imports,Imported inputs (P85),SK,5.784794887952735e-06,illustrative
3 imports,Imported inputs (P85),TR,2.1073181377542105e-05,illustrative
3 imports,Imported inputs (P85),UK,0.0013088787100051151,illustrative
3 imports,Imported inputs (P85),US,0.00021114501341027483,illustrative
3 imports,Imported inputs (P85),ROW_FIGARO,0.00016500438751827084,illustrative
3 imports,Imported inputs (P85),ZA,5.50932846471689e-07,illustrative
3 imports,Imported inputs (Q86),AL,4.525274479153369e-09,illustrative
3 imports,Imported inputs (Q86),AT,2.671015668183208e-08,illustrative
3 imports,Imported inputs (Q86),AU,1.5452156758084675e-09,illustrative
3 imports,Imported inputs (Q86),BE,1.4900294016724504e-08,illustrative
3 imports,Imported inputs (Q86),BG,1.821147046488551e-08,illustrative
3 imports,Imported inputs (Q86),BR,6.291235251505902e-09,illustrative
3 imports,Imported inputs (Q86),CA,7.174215637682171e-08,illustrative
3 imports,Imported inputs (Q86),CH,2.9800588033449014e-09,illustrative
3 imports,Imported inputs (Q86),CN,2.4281960619847344e-09,illustrative
3 imports,Imported inputs (Q86),CZ,9.49203915139487e-09,illustrative
3 imports,Imported inputs (Q86),DE,5.297882317057603e-09,illustrative
3 imports,Imported inputs (Q86),DK,2.2074509654406678e-10,illustrative
3 imports,Imported inputs (Q86),EE,5.8497450584177705e-09,illustrative
3 imports,Imported inputs (Q86),EL,3.1566548805801556e-08,illustrative
3 imports,Imported inputs (Q86),ES,1.0154274441027072e-08,illustrative
3 imports,Imported inputs (Q86),FI,1.7659607723525342e-09,illustrative
3 imports,Imported inputs (Q86),FR,2.5385686102567682e-08,illustrative
3 imports,Imported inputs (Q86),HR,6.622352896322003e-10,illustrative
3 imports,Imported inputs (Q86),HU,9.933529344483006e-10,illustrative
3 imports,Imported inputs (Q86),IE,8.454537197637757e-08,illustrative
3 imports,Imported inputs (Q86),IN,8.222754846266487e-08,illustrative
3 imports,Imported inputs (Q86),IT,8.940176410034704e-09,illustrative
3 imports,Imported inputs (Q86),JP,9.050548958306738e-09,illustrative
3 imports,Imported inputs (Q86),KR,1.0043901892755038e-08,illustrative
3 imports,Imported inputs (Q86),LT,3.0462823323081215e-08,illustrative
3 imports,Imported inputs (Q86),LU,3.3111764481610017e-10,illustrative
3 imports,Imported inputs (Q86),LV,6.8430979928660696e-09,illustrative
3 imports,Imported inputs (Q86),ME,6.622352896322003e-10,illustrative
3 imports,Imported inputs (Q86),MK,1.103725482720334e-09,illustrative
3 imports,Imported inputs (Q86),MT,1.6114392047716874e-08,illustrative
3 imports,Imported inputs (Q86),MX,4.4149019308813355e-10,illustrative
3 imports,Imported inputs (Q86),NL,2.0308548882054145e-08,illustrative
3 imports,Imported inputs (Q86),NO,1.986705868896601e-09,illustrative
3 imports,Imported inputs (Q86),PL,8.675282294181825e-08,illustrative
3 imports,Imported inputs (Q86),PT,4.414901930881336e-09,illustrative
3 imports,Imported inputs (Q86),RS,2.538568610256768e-09,illustrative
3 imports,Imported inputs (Q86),RU,2.238355278956837e-07,illustrative
3 imports,Imported inputs (Q86),SA,4.4149019308813355e-10,illustrative
3 imports,Imported inputs (Q86),SE,8.940176410034704e-09,illustrative
3 imports,Imported inputs (Q86),SI,4.7791313401790454e-08,illustrative
3 imports,Imported inputs (Q86),SK,7.726078379042338e-10,illustrative
3 imports,Imported inputs (Q86),TR,2.119152926823041e-08,illustrative
3 imports,Imported inputs (Q86),UK,1.0739248946868848e-07,illustrative
3 imports,Imported inputs (Q86),US,1.928208418312423e-07,illustrative
3 imports,Imported inputs (Q86),ROW_FIGARO,3.109194684823181e-07,illustrative
3 imports,Imported inputs (R90-92),AL,1.629832638668617e-07,illustrative
3 imports,Imported inputs (R90-92),AR,3.259665277337234e-08,illustrative
3 imports,Imported inputs (R90-92),AT,1.8906058608555954e-06,illustrative
3 imports,Imported inputs (R90-92),AU,6.519330554674468e-07,illustrative
3 imports,Imported inputs (R90-92),BE,2.2165723885893192e-06,illustrative
3 imports,Imported inputs (R90-92),BG,2.4447489580029256e-05,illustrative
3 imports,Imported inputs (R90-92),BR,9.453029304277979e-07,illustrative
3 imports,Imported inputs (R90-92),CA,3.6475654453403646e-05,illustrative
3 imports,Imported inputs (R90-92),CH,6.649717165767958e-06,illustrative
3 imports,Imported inputs (R90-92),CN,1.629832638668617e-07,illustrative
3 imports,Imported inputs (R90-92),CZ,1.6624292914419894e-06,illustrative
3 imports,Imported inputs (R90-92),DE,4.563531388272128e-07,illustrative
3 imports,Imported inputs (R90-92),DK,6.845297082408191e-07,illustrative
3 imports,Imported inputs (R90-92),EE,1.8580092080822234e-06,illustrative
3 imports,Imported inputs (R90-92),EL,3.090162682915698e-05,illustrative
3 imports,Imported inputs (R90-92),ES,2.5197212593816818e-05,illustrative
3 imports,Imported inputs (R90-92),FI,2.933698749603511e-07,illustrative
3 imports,Imported inputs (R90-92),FR,2.281765694136064e-06,illustrative
3 imports,Imported inputs (R90-92),HR,1.0104962359745424e-06,illustrative
3 imports,Imported inputs (R90-92),HU,1.8906058608555954e-06,illustrative
3 imports,Imported inputs (R90-92),IE,1.629832638668617e-07,illustrative
3 imports,Imported inputs (R90-92),IN,2.6403288746431596e-06,illustrative
3 imports,Imported inputs (R90-92),IT,1.6624292914419892e-06,illustrative
3 imports,Imported inputs (R90-92),JP,6.030380763073882e-06,illustrative
3 imports,Imported inputs (R90-92),KR,8.149163193343085e-07,illustrative
3 imports,Imported inputs (R90-92),LT,1.7928159025354787e-06,illustrative
3 imports,Imported inputs (R90-92),LU,1.6624292914419894e-06,illustrative
3 imports,Imported inputs (R90-92),LV,2.50994226354967e-06,illustrative
3 imports,Imported inputs (R90-92),ME,1.3038661109348936e-07,illustrative
3 imports,Imported inputs (R90-92),MT,0.0002858726448224754,illustrative
3 imports,Imported inputs (R90-92),NL,2.1741967399839354e-05,illustrative
3 imports,Imported inputs (R90-92),NO,5.215464443739574e-07,illustrative
3 imports,Imported inputs (R90-92),PL,1.988395819175713e-06,illustrative
3 imports,Imported inputs (R90-92),PT,1.629832638668617e-07,illustrative
3 imports,Imported inputs (R90-92),RO,8.475129721076807e-07,illustrative
3 imports,Imported inputs (R90-92),RS,1.4994460275751275e-06,illustrative
3 imports,Imported inputs (R90-92),RU,1.3690594164816383e-06,illustrative
3 imports,Imported inputs (R90-92),SA,2.281765694136064e-07,illustrative
3 imports,Imported inputs (R90-92),SE,2.1187824302692023e-06,illustrative
3 imports,Imported inputs (R90-92),SI,2.607732221869787e-07,illustrative
3 imports,Imported inputs (R90-92),SK,1.140882847068032e-06,illustrative
3 imports,Imported inputs (R90-92),TR,1.629832638668617e-06,illustrative
3 imports,Imported inputs (R90-92),UK,6.229220344991454e-05,illustrative
3 imports,Imported inputs (R90-92),US,8.931482859904021e-06,illustrative
3 imports,Imported inputs (R90-92),ROW_FIGARO,2.004694145562399e-05,illustrative
3 imports,Imported inputs (R93),AL,2.2247538113404506e-06,illustrative
3 imports,Imported inputs (R93),AR,2.8892906640785076e-08,illustrative
3 imports,Imported inputs (R93),AT,2.78816549083576e-06,illustrative
3 imports,Imported inputs (R93),AU,1.589109865243179e-07,illustrative
3 imports,Imported inputs (R93),BE,1.1123769056702253e-06,illustrative
3 imports,Imported inputs (R93),BG,6.284207194370754e-06,illustrative
3 imports,Imported inputs (R93),BR,1.8780389316510301e-07,illustrative
3 imports,Imported inputs (R93),CA,2.1814144513792734e-06,illustrative
3 imports,Imported inputs (R93),CH,1.4879846920004317e-06,illustrative
3 imports,Imported inputs (R93),CN,4.1894714629138357e-07,illustrative
3 imports,Imported inputs (R93),CZ,2.1669679980588804e-07,illustrative
3 imports,Imported inputs (R93),DE,1.8491460250102449e-06,illustrative
3 imports,Imported inputs (R93),DK,1.4446453320392538e-08,illustrative
3 imports,Imported inputs (R93),EE,1.1268233589906181e-06,illustrative
3 imports,Imported inputs (R93),EL,2.0225034648549555e-07,illustrative
3 imports,Imported inputs (R93),ES,1.5457705052820016e-06,illustrative
3 imports,Imported inputs (R93),FI,1.8780389316510301e-07,illustrative
3 imports,Imported inputs (R93),HR,1.0112517324274778e-07,illustrative
3 imports,Imported inputs (R93),HU,5.634116794953091e-07,illustrative
3 imports,Imported inputs (R93),ID,1.4446453320392538e-08,illustrative
3 imports,Imported inputs (R93),IE,4.333935996117761e-08,illustrative
3 imports,Imported inputs (R93),IN,7.56994153988569e-06,illustrative
3 imports,Imported inputs (R93),IT,3.0337551972824326e-06,illustrative
3 imports,Imported inputs (R93),JP,2.5425757843890865e-06,illustrative
3 imports,Imported inputs (R93),KR,4.911794128933463e-07,illustrative
3 imports,Imported inputs (R93),LT,2.78816549083576e-06,illustrative
3 imports,Imported inputs (R93),LU,5.634116794953091e-07,illustrative
3 imports,Imported inputs (R93),LV,4.796222502370322e-06,illustrative
3 imports,Imported inputs (R93),ME,4.1894714629138357e-07,illustrative
3 imports,Imported inputs (R93),MK,5.778581328157015e-08,illustrative
3 imports,Imported inputs (R93),MT,6.21197492776879e-07,illustrative
3 imports,Imported inputs (R93),NL,5.7641348748366234e-06,illustrative
3 imports,Imported inputs (R93),NO,4.478400529321687e-07,illustrative
3 imports,Imported inputs (R93),PL,3.163773277165966e-06,illustrative
3 imports,Imported inputs (R93),PT,7.367691193400194e-07,illustrative
3 imports,Imported inputs (R93),RS,1.3579666121168986e-06,illustrative
3 imports,Imported inputs (R93),RU,1.0199196044197132e-05,illustrative
3 imports,Imported inputs (R93),SA,6.789833060584493e-07,illustrative
3 imports,Imported inputs (R93),SE,1.4157524253984688e-06,illustrative
3 imports,Imported inputs (R93),SI,3.900542396505985e-07,illustrative
3 imports,Imported inputs (R93),SK,6.789833060584493e-07,illustrative
3 imports,Imported inputs (R93),TR,8.523407459031598e-07,illustrative
3 imports,Imported inputs (R93),UK,1.7379083344432224e-05,illustrative
3 imports,Imported inputs (R93),US,8.855675885400627e-06,illustrative
3 imports,Imported inputs (R93),ROW_FIGARO,4.136019585628384e-05,illustrative
3 imports,Imported inputs (R93),ZA,4.767329595729538e-07,illustrative
3 imports,Imported inputs (S95),AT,0.0012912855562811781,illustrative
3 imports,Imported inputs (S95),BE,0.0005764667661969545,illustrative
3 imports,Imported inputs (S95),BG,0.0013604615682248126,illustrative
3 imports,Imported inputs (S95),BR,0.0005534080955490763,illustrative
3 imports,Imported inputs (S95),CH,0.0013604615682248126,illustrative
3 imports,Imported inputs (S95),CN,0.0007839948020278582,illustrative
3 imports,Imported inputs (S95),CZ,0.020545275547259458,illustrative
3 imports,Imported inputs (S95),DE,0.002190573711548427,illustrative
3 imports,Imported inputs (S95),EE,0.0002075280358309036,illustrative
3 imports,Imported inputs (S95),EL,0.015011194591768695,illustrative
3 imports,Imported inputs (S95),ES,0.001544930933407838,illustrative
3 imports,Imported inputs (S95),FI,0.00027670404777453814,illustrative
3 imports,Imported inputs (S95),HR,0.0003919974010139291,illustrative
3 imports,Imported inputs (S95),HU,0.0010837575204502743,illustrative
3 imports,Imported inputs (S95),ID,2.305867064787818e-05,illustrative
3 imports,Imported inputs (S95),IE,0.004865379506702296,illustrative
3 imports,Imported inputs (S95),IN,0.0014757549214642035,illustrative
3 imports,Imported inputs (S95),IT,0.0027439818070975034,illustrative
3 imports,Imported inputs (S95),JP,0.007586302643151921,illustrative
3 imports,Imported inputs (S95),KR,0.0019830456757175233,illustrative
3 imports,Imported inputs (S95),LT,0.0009684641672108835,illustrative
3 imports,Imported inputs (S95),LU,6.917601194363453e-05,illustrative
3 imports,Imported inputs (S95),LV,0.0009223468259151272,illustrative
3 imports,Imported inputs (S95),ME,0.00036893873036605087,illustrative
3 imports,Imported inputs (S95),MT,0.00018446936518302543,illustrative
3 imports,Imported inputs (S95),NL,0.0022366910528441833,illustrative
3 imports,Imported inputs (S95),NO,0.0002075280358309036,illustrative
3 imports,Imported inputs (S95),PL,0.002605629783210234,illustrative
3 imports,Imported inputs (S95),PT,0.0001152933532393909,illustrative
3 imports,Imported inputs (S95),RS,0.0002075280358309036,illustrative
3 imports,Imported inputs (S95),RU,0.01584130673509231,illustrative
3 imports,Imported inputs (S95),SA,0.0012451682149854217,illustrative
3 imports,Imported inputs (S95),SE,0.0009915228378587616,illustrative
3 imports,Imported inputs (S95),SI,0.00027670404777453814,illustrative
3 imports,Imported inputs (S95),SK,9.223468259151272e-05,illustrative
3 imports,Imported inputs (S95),TR,0.0024672777593229655,illustrative
3 imports,Imported inputs (S95),UK,0.026840292634130195,illustrative
3 imports,Imported inputs (S95),US,0.014088847765853566,illustrative
3 imports,Imported inputs (S95),ROW_FIGARO,0.045194994469841224,illustrative
3 imports,Imported inputs (S95),ZA,0.0005303494249011982,illustrative
3 imports,Imported inputs (S96),AL,1.105816620938087e-10,illustrative
3 imports,Imported inputs (S96),AT,8.846532967504696e-10,illustrative
3 imports,Imported inputs (S96),BE,1.2163982830318955e-09,illustrative
3 imports,Imported inputs (S96),BG,6.1925730772532875e-09,illustrative
3 imports,Imported inputs (S96),BR,1.105816620938087e-10,illustrative
3 imports,Imported inputs (S96),CA,6.413736401440905e-09,illustrative
3 imports,Imported inputs (S96),CH,1.105816620938087e-09,illustrative
3 imports,Imported inputs (S96),CZ,4.423266483752348e-10,illustrative
3 imports,Imported inputs (S96),DE,2.211633241876174e-09,illustrative
3 imports,Imported inputs (S96),EE,1.990469917688557e-09,illustrative
3 imports,Imported inputs (S96),EL,3.3174498628142613e-10,illustrative
3 imports,Imported inputs (S96),ES,4.865593132127582e-09,illustrative
3 imports,Imported inputs (S96),FI,2.1010515797823654e-09,illustrative
3 imports,Imported inputs (S96),FR,3.3174498628142613e-10,illustrative
3 imports,Imported inputs (S96),HR,1.8798882555947482e-09,illustrative
3 imports,Imported inputs (S96),HU,5.529083104690435e-10,illustrative
3 imports,Imported inputs (S96),IN,1.105816620938087e-10,illustrative
3 imports,Imported inputs (S96),IT,2.5433782281576e-09,illustrative
3 imports,Imported inputs (S96),JP,2.2779822391324592e-08,illustrative
3 imports,Imported inputs (S96),KR,5.529083104690435e-10,illustrative
3 imports,Imported inputs (S96),LT,1.105816620938087e-10,illustrative
3 imports,Imported inputs (S96),LV,2.211633241876174e-10,illustrative
3 imports,Imported inputs (S96),MT,4.423266483752348e-10,illustrative
3 imports,Imported inputs (S96),NL,5.0867564563152e-09,illustrative
3 imports,Imported inputs (S96),NO,1.4375616072195131e-09,illustrative
3 imports,Imported inputs (S96),PL,1.1611074519849914e-08,illustrative
3 imports,Imported inputs (S96),RS,1.105816620938087e-10,illustrative
3 imports,Imported inputs (S96),RU,1.105816620938087e-10,illustrative
3 imports,Imported inputs (S96),SE,1.3269799451257045e-09,illustrative
3 imports,Imported inputs (S96),SI,4.423266483752348e-10,illustrative
3 imports,Imported inputs (S96),SK,6.634899725628523e-10,illustrative
3 imports,Imported inputs (S96),TR,6.524318063534714e-09,illustrative
3 imports,Imported inputs (S96),UK,3.0631120399985015e-08,illustrative
3 imports,Imported inputs (S96),US,1.5481432693133217e-09,illustrative
3 imports,Imported inputs (S96),ROW_FIGARO,4.3900919851242054e-08,illustrative
4 taxes,Taxes on products paid on inputs,CY,0.019462981359234497,illustrative
